"","binomial","Comp.1","Comp.2","Comp.3","Comp.4","Comp.5","Comp.6","Comp.7","Comp.8","Comp.9"
"1","Accipiter striatus",2.5035059001445,-0.532451701653553,-1.43396256644638,1.71712455731159,0.559803340971762,0.162166004820983,-0.357144055728349,-0.367990059688949,-0.176917002677957
"2","Adelomyia melanogenys",-2.19732180434841,-1.8809386313153,1.66678145003378,-1.04423696115709,-0.351622931355215,0.147950332807796,-0.239590110035925,-0.265594690821031,-0.16355627995365
"3","Aglaiocercus kingii",-1.6584307819443,-2.47634726456133,0.730220289175021,-0.762381349741727,-0.95096922160571,0.000821190335882238,-0.565551116829247,-0.171256267569013,0.102412654991465
"4","Amazilia franciae",-2.05943369704462,-2.21531217623906,0.571715067804166,-1.3138846832815,-0.49341371946058,0.735138243944058,-0.215439075345037,0.0922224189564647,0.00995238367921504
"5","Amazilia saucerottei",-2.06257195501823,-3.40394954489751,-1.27265285342021,-0.696592805177554,-0.307967689578541,0.788605390834035,-0.161538301289687,-0.153582807025954,-0.00735307062172133
"6","Amazilia tzacatl",-2.05466882266423,-1.17740713345297,-1.35285660009242,-0.644446100942441,0.00340041183267714,0.270674062251512,-0.353747044748392,0.402827139958078,-0.172354920421567
"7","Amazona mercenarius",3.71577211803772,-0.110180002417797,0.434554329600783,-0.863441306417213,1.94574694924582,-2.01354669605287,0.463244863530848,0.943745842786506,0.216189497198257
"8","Ampelioides tschudii",0.228642583126538,0.633868622315464,0.664139126643916,-0.243370716150993,0.0696670343047378,-0.0407633496411213,0.778852896609362,-0.151664449432763,0.17544283959014
"9","Ampelion rufaxilla",0.217844909665126,0.310860025663928,1.2074181956488,-0.0900395414311765,-0.256216650455288,-0.0999707144941585,0.688677290932779,-0.0276737898261944,0.117959938969207
"10","Anabacerthia striaticollis",-0.978735207220976,0.604576085916826,0.976874486312074,-0.070020237770161,-0.35130170293257,-0.0376882718747352,-0.0333163667657534,0.177427747392508,-0.00674646726040699
"11","Andigena nigrirostris",6.8825191024941,1.60268101837176,-0.721590729548095,-4.11347429590164,0.841478309297178,-0.938289449983831,-0.288460500518154,-0.622145347938778,0.219091794267019
"12","Anisognathus somptuosus",-0.332546567426182,0.777249885103817,0.978309494244717,-0.0995235352137709,-0.322378663895054,0.202571009428837,0.41369939828881,-0.0677728982144193,0.0932285244853324
"13","Anthracothorax nigricollis ",-1.64852254767408,-1.3435419214281,-0.0700923646793827,-0.962636307054263,-0.0528402681484194,0.268256062034663,-0.332783828822604,0.389852697720025,-0.0566810794032997
"14","Arremon brunneinucha",-0.143797687829323,1.23089812260984,0.123738241228454,0.425066078104387,-0.199665044855665,0.230495917879437,-0.0286537795603638,-0.088040132613463,0.180042736579349
"15","Atlapetes albinucha",-0.446089677024195,1.05498099078839,0.0844376381972718,0.168674257320848,-0.17959652545738,0.0273265475028232,0.0188000546319921,-0.24032675356746,0.111799414969512
"16","Atlapetes latinuchus",-0.597355676478149,1.08242117111913,0.100198053537425,0.43503317833695,-0.235203130427285,-0.0946133196819158,-0.125722657407678,-0.223935901090708,0.0619663904764098
"17","Attila spadiceus",-0.106183847252511,0.337935321953939,-1.56786249228118,0.404032038680585,-0.181955996735427,0.497919416401353,0.191548394788686,-0.223878213064444,0.0739250370603621
"18","Aulacorhynchus haematopygus",5.17974022249329,1.72953642027961,-1.31253040433057,-4.08690298791541,-0.153538001866083,0.68802946817196,-0.181662652641629,-0.330898743303684,0.255315054358514
"19","Aulacorhynchus prasinus",4.0911990985973,1.05212734077155,-2.44694138526271,-2.46258282862368,0.376882237664793,0.11669897030408,0.191663384956365,-0.289795535866729,0.200505723127502
"20","Basileuterus culicivorus",-1.46176056933637,0.716670414111989,-0.274571916888268,0.171960591969859,0.177360894018689,-0.151001861272976,-0.350596622140855,-0.136587246373118,-0.19169579262198
"21","Basileuterus tristriatus",-1.42371242828955,0.820215673258943,0.496291239272124,0.148084292016702,0.0270538288967313,-0.13946087946838,-0.266448049067601,-0.152249692554879,-0.121977300865389
"22","Boissonneaua flavescens",-1.56164649398323,-2.24202960428996,0.744860955617696,-0.721955355098497,-0.412670900184638,0.384486480331469,-0.0717974669436054,0.141534795519319,0.106602939439773
"23","Bolborhynchus lineola",0.0187780194576334,-1.04903719060477,1.21650959386289,-0.65406240177004,0.255994559916479,-0.546887900090533,1.01385286113656,-0.35735869838034,0.236898397586214
"24","Bubulcus ibis",4.47299936821819,-2.44826750388921,1.01131585533741,-0.301231558435838,0.559075136098727,2.77857850312808,-0.432250146220256,-0.54715042607686,-0.0691341738752496
"25","Buteo platypterus",4.98182960398162,-3.23023966168101,2.11053163191172,0.777039468837135,-0.455405859646176,0.577399459306478,0.256462160690861,-1.0403488804193,-0.250135060221872
"26","Calliphlox mitchellii",-2.75722873074074,-0.194396117796822,0.217713810303407,-0.785867106960453,0.413959158604219,-0.201099541376144,-0.653344970981485,0.454117867208897,-0.214692202167027
"27","Campephilus melanoleucos",3.14096396051312,-0.997535076685258,-1.36037799727027,-0.788532699223693,-0.387061087582058,0.271511116427931,0.304167515052586,0.134065544187394,0.744971353822893
"28","Campylorhamphus pusillus",0.296494100065132,0.77425057511884,0.473911317048937,-1.29754848097643,-0.606296636864654,0.926316714328143,-0.688160848444838,1.18297631969254,0.406126386690195
"29","Cardellina canadensis",-1.51294196865845,0.333528713061959,-0.141936000306888,0.137320963588076,0.03647121081983,-0.0546222093288566,-0.256005180561355,-0.133756353794707,-0.29435557213019
"30","Cathartes aura",8.77612350619491,-1.09360019889376,-0.399734559428498,1.43496593068181,-0.851787453427607,0.0934541639933917,0.14188009879953,1.59678568326132,-2.04583594972971
"31","Catharus ustulatus",-0.255341776895237,-1.44391586898126,-2.34071080683471,0.893544788342433,0.239528525417869,0.599511732241756,-0.152297142809967,-0.214849858210876,-0.0711335871489883
"32","Chamaepetes goudotii",4.78987047512646,2.00257764743358,1.17412327334989,1.42295645442262,-1.84002334007322,0.145620303104463,-0.654311344612438,0.0170507104712446,-0.157194025829272
"33","Chlorochrysa nitidissima",-1.50172747523171,0.474593223376696,1.03512618098721,0.00814309376133795,0.0383944146907942,0.118504861917941,0.122629783416178,-0.125748390279766,-0.0720043311132675
"34","Chlorophanes spiza",-1.11886398815699,0.470632504416133,-0.109502260797496,0.212362230065092,0.0938047329962447,0.144360123726882,0.047765495579447,-0.073191986129947,-0.0291306405391308
"35","Chlorophonia cyanea",-1.63694883090836,0.362207366570688,-0.148353626100844,0.128089353616037,0.333466564449038,-0.115134625598886,0.272036054887853,-0.20870971634804,-0.165844540616755
"36","Chlorophonia pyrrhophrys",-1.62241307218908,0.683937131661466,0.89414250550658,-0.0702369519492257,0.0826736242371798,-0.158686465829909,0.204162589357899,-0.0636123407498452,-0.179319416168985
"37","Chloropipo flavicapilla",-1.38260171686957,0.739996906155625,0.944193023769708,0.147390885180766,0.275428333834026,-0.432848904172788,0.236518064559424,-0.071802757197495,-0.0683293656716483
"38","Chlorospingus canigularis",-0.99087354672626,0.754997539974517,0.182336165330376,0.235240117925627,-0.042129883940219,0.0694282221690232,-0.0237770472637703,-0.19471040931805,-0.0164005005358389
"39","Chlorospingus semifuscus",-1.03613195900168,1.02722606769373,0.864472791856047,0.0958213162924091,-0.0372628288110214,0.0968317872620143,0.0607859719077082,-0.167332904022696,-0.0425250616696826
"40","Chlorostilbon melanorhynchus",-2.55142703380671,-2.43475318953285,1.04761201945849,-1.05661493106783,-0.227428796752693,0.194155305977474,-0.397717931764632,-0.226342865101755,-0.208712880834952
"41","Ciccaba virgata",3.33010601473804,-0.45225507156211,-0.685434774923903,0.968844782756624,1.18492273811733,-0.573528205719922,-0.184815497666682,0.786976924016556,-0.221965970448499
"42","Coeligena coeligena",-1.44328178491122,-1.87533081743473,1.33797857861304,-1.342382317259,-0.45127824331021,0.826811987856666,-0.541937857986403,0.111390140937932,0.0319674162325125
"43","Coereba flaveola",-1.82655316069266,0.522510118034846,-0.601971840250337,0.18545021439491,0.330350970262065,0.147296006515582,-0.195070884659612,-0.0212685008946588,-0.243424813539025
"44","Colaptes rubiginosus",0.412162218404527,0.0267759168023097,-1.08223004750492,-0.103104719158225,-0.0266731763378693,0.182836723716897,0.435956137487548,0.386807673057012,0.0244484494332921
"45","Colibri coruscans",-1.59645726889839,-1.95562392475135,-0.59328533299213,-0.72780399122808,-0.176892866541885,0.30124564324251,-0.395319929953469,0.447785557830482,0.00900487541700343
"46","Colibri delphinae",-1.87149040632906,-1.39708237118874,0.356308485789705,-0.710405284070273,-0.168544021819063,0.014255062809549,-0.268265064504393,0.301268555016608,-0.138442041319011
"47","Contopus cooperi",-0.209600234445134,-1.05246275878463,-0.846470858863371,-0.382287781627071,-0.48555561016703,0.161917323583027,0.684457862166408,-0.181802259185572,-0.236323558360902
"48","Contopus fumigatus",-0.774126262122923,0.290203104406212,0.192125651630225,-0.32860861417654,-0.47364498017569,-0.202435518192831,0.287360808727252,-0.0267803549557057,-0.208707628928043
"49","Contopus sordidulus",-1.16103177751731,-0.00794059807827879,-0.0780316615690112,-0.119587151914744,-0.313489603386595,-0.121302281745502,0.190016538775373,-0.268204672751343,-0.303962853973338
"50","Contopus virens",-1.03982220423656,-0.0904766731469873,-0.12086488167073,-0.491626563065354,-0.256230833161396,-0.195698620831632,0.233486056335469,-0.261688685905367,-0.445876623992271
"51","Coragyps atratus",9.37229620898112,-1.1635846838025,0.0826965322030331,1.02867569365398,3.56013650842732,-0.587814187262266,-1.21300490017205,0.695678419173522,-0.665921540716985
"52","Cranioleuca erythrops",-1.21560937074105,0.656752690855746,0.585839178109586,0.223305202448627,-0.3278359429542,-0.108890892938161,-0.341445586395157,0.128554231937937,0.0870765423707515
"53","Creurgops verticalis",-0.875794049275568,0.814885159013706,0.851395665968815,-0.230331146569999,-0.220576947855182,-0.109851631881083,0.275359362293938,-0.208631529718491,-0.0849170170375994
"54","Crotophaga ani",2.5781537855499,-0.00944904754671844,-0.980566912209702,0.218914194888737,-1.64894391638856,-0.0134696404790854,0.0465833079867707,-0.468597655137736,0.142151743117621
"55","Crypturellus soui",1.06660262355293,0.591454241848499,0.422553870356305,0.920272851139594,1.25952588610693,0.481339560681055,0.321944795054803,0.50658255111679,0.672424430112671
"56","Cyanocorax yncas",2.21341757963176,0.701388364946652,-0.710985033256412,0.494732292342606,-0.439814343714716,-0.343169114141866,-0.458539365429445,-0.339924393811774,0.368876689542353
"57","Cyclarhis nigrirostris",-0.444154493828927,0.739215172274948,0.62482705407098,-0.0876099077256676,0.334530090614365,-0.1949371434184,-0.084808702194829,0.0135188747276951,0.226032665498133
"58","Cyphorhinus thoracicus",-0.938629348918198,1.69843866680149,0.686419445994769,0.0513398686363124,0.274382351436625,0.532383765020796,-0.347441702447246,0.204478663845374,0.124522952560627
"59","Diglossa albilatera",-1.6114088976514,0.0540464414153597,-0.357836030991043,0.374043240448968,0.108222607774352,0.151628897995711,-0.315706787706114,-0.0444488576345311,-0.0590386428554943
"60","Diglossa cyanea",-1.17282697734331,0.518256652981415,0.271853486132178,0.192349193323167,-0.0872423462484438,0.20365359365572,-0.241130976649707,0.0883669667191482,-0.0246193824068876
"61","Diglossa sittoides",-1.69225924224259,-0.0696506481951004,-0.725513172071261,0.410059708801289,0.133491771642867,0.0988857714123074,-0.414175815674482,-0.0927827643955004,-0.110188721326625
"62","Doryfera ludovicae",-1.64574474403912,-0.736987690553368,0.432389076281493,-1.45171912925649,-0.0331396271260543,0.458900013639436,-0.626448178768559,0.633503210887643,-0.0678685653545707
"63","Drymophila striaticeps",-1.10517228804624,1.06242629902314,0.0176520210859555,0.15948581205659,0.156033767103318,-0.538134125557056,-0.67587939672714,0.0126386553253579,0.0864529356019414
"64","Dryocopus lineatus",2.82591819431853,-1.77064586631069,-2.20089368390971,-0.119133937616544,-0.501624837893333,0.295976215671191,0.526978312521199,0.343633832262917,0.236548778866954
"65","Dysithamnus mentalis",-1.14785404979287,0.139316891202947,0.0475412857168823,0.0360200800574835,0.580603361053121,0.0831119014051079,-0.104942178980812,-0.0079217507917912,0.168248893799194
"66","Elaenia chiriquensis",-0.973440744753005,-0.351946727418367,-0.969820678366754,0.42487296761341,0.16817067902895,-0.284171911131754,-0.198378428564043,0.0400878797230599,0.036292492661574
"67","Elaenia flavogaster",-1.2209907717258,-0.213390144070054,-0.653680875834783,0.35661954674743,0.24356599743436,-0.3197770830317,-0.252932340616082,-0.0150827969737669,-0.0722593802559334
"68","Elaenia frantzii",-1.12900579959756,-0.0610947307423122,-0.30276755276166,0.344904596527296,0.132366335191957,-0.332430988098675,-0.223016986418626,0.0472689749575567,0.0222154154841813
"69","Elaenia pallatangae",-1.02631519109965,-0.413211807049705,-0.531987316003499,0.422644238359448,0.148998739327309,-0.185139888971931,-0.164510353218854,-0.103701009921945,0.0799349345315633
"70","Empidonax virescens",-1.25437506453295,-0.14485537643124,-0.689438522449402,0.398645581670203,-0.0862818644120823,-0.0566408911402529,-0.055624373841103,0.0236273869846381,-0.0323187410271919
"71","Eubucco bourcierii",0.1239551036303,0.741670265623215,0.685884437135399,-0.413210833497878,1.57892885525548,-1.08551590101731,-0.360429454922643,0.100216663508445,0.474792941651925
"72","Euphonia cyanocephala",-1.6073347469394,-0.061739105167016,-0.0130758419524581,0.0668524751125718,0.145440662950078,-0.0802603628131374,0.468566146270704,-0.427075917464923,-0.21162352831565
"73","Euphonia xanthogaster",-1.82087170188853,0.361207783397463,-0.153699059037687,0.117582971997277,0.261677876954176,-0.00192008953815082,0.135849106941725,0.0305424923157599,-0.0967274179169285
"74","Eutoxeres aquila",-1.31914055909982,-0.825430401729212,0.879804229097879,-1.19494966592834,-0.427221722228166,-0.011326231085495,-0.0851555798171845,0.317543316079674,0.170785573785875
"75","Falco sparverius",2.08017800405565,-1.62685767611424,-1.69501206466973,1.1117116366841,-0.232042250740252,-0.0357361145335992,0.607841757462022,-0.238455779950915,-0.274254395296757
"76","Florisuga mellivora",-1.87059979932518,-1.48342766831467,0.36440995556157,-0.929881586554747,-0.140303407511723,0.130076694443664,-0.234740518039259,0.393023630582177,-0.0311850466736661
"77","Formicarius rufipectus",0.183661360393015,1.19895168952328,0.272805637706415,0.520195935031909,-0.0248626557315837,1.14045438857554,0.29597511748657,-0.487420759746969,0.169706123984461
"78","Forpus conspicillatus",-0.980986510887198,-0.457843646914607,-0.74106858483959,-0.480007859161169,0.226790589011483,-0.382895324482832,0.916753510340028,-0.169245305114665,0.050631132485134
"79","Geothlypis philadelphia",-1.60718012302009,0.605251220785938,0.163733100176396,0.0865086590117919,0.0798446894998762,0.134219109310686,-0.244154928624704,-0.0841411124047449,-0.25954964673757
"80","Geotrygon montana",0.240614913982002,-0.255422286772043,0.506302497070943,0.698929293647254,0.1208414398067,0.632372213899038,0.579897356297787,0.460689138394586,0.310110687454877
"81","Glaucidium nubicola",-0.490167165768087,1.17808626520535,0.829146168502032,-0.102541660033156,0.177064968282427,0.0623038910279094,0.899797189423793,-0.000795766535533753,0.0813637110369177
"82","Glyphorynchus spirurus",-1.29181958355946,0.404002897131435,-0.524835341004877,0.36046221646474,-0.156225499599055,0.0115915126917699,-0.101324252199475,-0.127470848238789,-0.143769716792679
"83","Grallaria guatimalensis",0.427369503128088,0.995263019580858,0.426682133281341,0.312445339019582,0.378334962575254,1.67258979538999,0.409030834183194,-0.44339309080861,0.16249509703498
"84","Grallaria ruficapilla",0.815403377700032,1.81432786440585,0.171859020784657,0.639606688887231,0.268718091112688,1.54465119356392,0.016820981135044,-0.544874669985246,-0.0224776903055854
"85","Grallaricula flavirostris",-1.79176858011234,0.846208185577674,0.345380105993957,-0.410700488970383,0.174841970370487,0.413698174214228,-0.168669702211857,-0.37150132462784,-0.903543067495466
"86","Habia cristata",-0.0816376318685853,0.984027748952199,0.46527060581719,-0.26470146506829,-0.151245825482385,-0.0129023291648358,0.17107945663166,-0.144774394693638,0.00857354768590379
"87","Hapaloptila castanea",1.46742336578116,0.78612888178277,0.0807717962955104,-1.3311763583573,0.259603557410028,-0.406919907840329,0.304529875288446,0.0390201607328723,0.24649636595481
"88","Haplophaedia aureliae",-1.84500777236188,-1.97477280691052,1.8204879604453,-0.937464204120877,-0.354270966206465,0.700994009291249,-0.439549857946499,-0.342602746723665,-0.0668116681415106
"89","Heliodoxa rubinoides",-1.70178135309409,-2.20472987733863,0.275398561686498,-0.886474586345588,-0.26238242738626,0.373290242050448,-0.198487021858542,-0.0266499111915674,0.0759153870686288
"90","Hemitriccus granadensis",-2.06280101098622,1.05121480060649,0.30056861008003,-0.0732622221541049,0.18438388828408,-0.198723473822249,-0.403648745354731,0.0210697467035343,-0.238041952201618
"91","Henicorhina leucophrys",-1.62552103226761,1.27847306520755,0.772154106383366,0.0601668659007433,0.3659185848935,0.38545906965271,-0.223052986813314,0.0436747728342822,-0.0713475537708411
"92","Hydropsalis cayennensis",0.393405235852229,-2.17642454013027,0.922471827178618,-0.134901724564243,-0.775086898562142,-0.392373524905905,0.327270880851075,-0.0748162035931965,0.0573424742947012
"93","Hylocharis grayi",-2.1427801463083,-1.29581192660753,-0.47692233756814,-0.626466972701052,0.214811242421367,0.0181791524053462,-0.256619211928976,0.293908260747482,-0.0112245691308133
"94","Icterus chrysater",0.383224749400748,0.215290725458811,-0.249157496827668,0.294565923786388,-0.066406214305959,-0.00466382691594783,-0.127645720550049,0.109589573932638,0.367589103817285
"95","Iridosornis porphyrocephalus",-1.0363726403199,1.00221907535859,0.844029598528697,0.0603746988822269,-0.0995631355325548,-0.0470267036225733,0.11875364155195,-0.17210197903478,-0.0876799167787593
"96","Knipolegus poecilurus",-1.06510833536295,-0.128153536727977,-0.622653258122147,0.438706317906137,0.0224100891265508,0.400464045677746,-0.169030540822341,-0.0999349785036474,-0.153852905000065
"97","Laterallus albigularis",-1.00430152107226,1.13743154271568,0.967980414190418,0.187154557229937,0.395464808675835,0.736796756698976,0.214142203229406,0.206027796521436,0.243094078024992
"98","Legatus leucophaius",-1.05084518760074,-0.0199229500949338,-0.418766580966364,0.0450176434663886,-0.0971701090435907,-0.212138217404429,0.48507804594854,-0.199076456106464,-0.0957307458347483
"99","Lepidocolaptes lacrymiger",-0.117385554611922,0.0668875942021364,0.0426444534575137,-0.215186506712466,-0.513957719109726,0.240291215904417,-0.206750201235114,0.612712182371679,0.133755416431973
"100","Leptotila verreauxi",0.604247256139423,-0.0346354781861789,-0.692244322477241,1.13488190431283,-0.0873308344648805,0.708129824911053,0.381309677089184,0.698749343708934,0.489204691159098
"101","Lophotriccus pileatus",-1.94687773916376,0.970648665615175,-0.0354483947586354,0.105676370313704,0.265140226071184,-0.261162348428783,-0.209858083130266,-0.0953303064076113,-0.279234984207718
"102","Margarornis stellatus",-1.01381865873793,0.649007481452707,0.99630763209592,0.121998794378715,-0.298713335403103,-0.0201245564873932,-0.072165284323573,-0.0438859138339337,-0.0516942678891518
"103","Masius chrysopterus",-1.7470046884429,0.66790268776706,0.570060547350375,0.150031305598245,0.431784343552296,-0.254274926315778,-0.18768879325203,0.132422570685831,-0.0662171113904637
"104","Melanerpes formicivorus",0.843175498837885,-0.525384548700263,-0.384044426765455,-0.151640205322351,0.2212331129616,0.061433804890486,0.475735281004189,0.358567503317282,0.168130403271356
"105","Micrastur ruficollis",3.48874775214811,0.793486987354446,0.830910039570286,1.27798983617988,0.178220340737757,-0.562314537991583,-0.640134105851699,-0.461641670945995,0.0491966203351687
"106","Milvago chimachima",5.27313485064548,-1.21005547194202,0.044987626732191,0.967822400461792,0.0694605173902516,-0.987410244002277,-0.0722142905542246,0.00842810273889229,-0.516090102840728
"107","Mionectes striaticollis",-1.49204021490892,0.536910868430838,0.195700945995806,0.0890306313914809,0.154865997328996,-0.160461935471961,-0.140834019136732,0.0666133490782207,-0.112247924377955
"108","Mniotilta varia",-1.22847354881756,-0.503769202646453,-1.29542019200808,0.421161175862623,0.505274833051973,-0.0343518427785444,-0.289454750676325,0.00495033232768704,-0.103057387258812
"109","Molothrus bonariensis",0.591497035559969,-0.262805432261916,-0.857228990611068,0.516261779668465,-0.311268706836101,0.0319477954859699,0.0622389129739192,0.11564675687488,-0.0682459517954666
"110","Momotus aequatorialis",3.43471837404086,0.91750017340022,-1.13289554760507,-0.25184917114148,-3.19024875276577,-0.601312230066266,-0.70756831249017,0.115156541512814,0.57486512118252
"111","Mustelirallus colombianus",-0.590059329651976,0.612310271388402,0.804942787800536,0.19712113727551,0.254369524717022,0.825853615738948,0.510898478502058,0.351991396243871,0.199292826197074
"112","Myadestes ralloides",-0.695395883784232,0.359859888906608,0.366636561377741,0.247349474241,-0.0479621051450726,-0.222885989449273,-0.00314234476652775,0.0579914554546254,0.133786027847699
"113","Myiarchus apicalis",0.0273122497502129,0.489040588085495,-0.152003906863885,-0.196275597612544,-0.0396768594142268,-0.481360893205751,-0.0789459144573559,-0.0492960881602434,0.0644990030485299
"114","Myiarchus cephalotes",-0.0647611606022335,0.617477255479017,0.187477789483617,-0.167458667912461,-0.103501519418529,-0.560067618642922,-0.143343718357587,-0.187239339741894,0.0232975165761347
"115","Myioborus miniatus",-1.59106041533453,0.514503243235972,0.158092255660821,0.124153374337608,-0.163438821889099,-0.150366686860815,-0.269920826062828,-0.10620416009575,-0.284613857394752
"116","Myiodynastes chrysocephalus",0.18756690794465,0.55555748607981,0.047583860398625,-0.777854216431372,-0.525014769977704,-0.244686395560766,0.805793648381211,-0.431691734990669,-0.269728888182534
"117","Myiophobus fasciatus",-1.39938532902383,-0.125877363896086,-1.55066106840121,0.280074469947673,0.132179290595571,-0.0499103799518571,-0.16841870699801,-0.0894998519054939,-0.165115762137314
"118","Myiophobus flavicans",-1.47626676622836,0.488362285068818,0.567423351750751,-0.0236624597382595,-0.167130422482169,-0.113737795485742,-0.0739629769868025,-0.0625949598597191,-0.194186527659366
"119","Myiothlypis coronata",-1.17916008207397,0.975026180250535,0.874261236724986,0.153758017391169,-0.0449177034782826,-0.0395717219594267,-0.184330369044405,-0.119665591780351,-0.109540760044919
"120","Myiozetetes cayanensis",-0.577020371258143,0.0949155960812008,-1.07782297032183,0.640842468358536,-0.1410724831094,0.0741072210113798,0.184872179447305,-0.082493044852854,0.0730388533099413
"121","Myrmotherula schisticolor",-1.70045834916496,0.661042718632004,0.55502380847584,-0.0338406970459809,0.674302272587242,-0.379911291035064,-0.504407901567104,0.121186830590997,-0.135006685905376
"122","Nothocercus bonapartei",2.86905644152129,1.47265646926655,1.21944786969499,1.23911399964473,1.22268029695937,1.57525799060429,0.334974237016429,0.498533271590417,0.327886684794622
"123","Nyctidromus albicollis",0.695983317464678,-1.60045203087253,-0.701154044659606,0.793459668295614,-0.490195216564347,-0.403172877971806,0.285268854335705,0.141898170154006,0.0747308107959159
"124","Ocreatus underwoodii",-2.16150825811262,-2.55280798120027,1.0785457650296,-0.807011300584895,-1.04526418728074,-0.218954791568812,-0.819761080925338,-0.422259946778412,0.0186989117438768
"125","Odontophorus hyperythrus",1.76576547983281,2.06721334088835,0.554057730396203,0.707915514934725,0.376866399287248,1.21411216252871,1.08665885660645,-0.598484514089714,-0.026499073752915
"126","Ortalis columbiana",4.76742967619266,1.17793139473612,-0.778352053621799,2.20176252443867,-1.69874805982954,0.160838095243019,-0.777780010653131,-0.391416345732319,0.233025410602931
"127","Pachyramphus polychopterus",-0.686940501484572,-0.286049202091963,-1.40919048785284,0.159688439605278,0.395216941837428,-0.136183315759514,0.0891261083860862,-0.037645688368964,0.0699118249493043
"128","Pachyramphus versicolor",-1.34606309378482,0.484101918502784,0.58675422559947,-0.136920560189703,0.293921394693027,-0.373666476963532,-0.0532963603899778,-0.135536298716121,-0.090163808554519
"129","Pachysylvia semibrunnea",-1.24627672859382,0.75845698595566,0.177897160662698,0.167619417525797,0.553428098362634,-0.417879604805924,-0.579298112800035,0.0867702036054726,-0.0707897734475577
"130","Patagioenas cayennensis",1.84174667767026,-2.30645254088822,0.98021019451435,0.813404095143329,-0.736050499037914,-0.120545611838864,0.554517207614331,0.1147153058351,0.728340015321814
"131","Patagioenas fasciata",1.87372819146828,-0.918497461669329,0.45746882695583,0.620376303832482,-0.0593956375721949,-0.163518007596495,0.450001218832275,0.773292843625022,0.720480292156806
"132","Patagioenas subvinacea",1.15331600492565,-0.255276357715006,0.918468480428481,0.737156452861553,-0.0400495387772076,-0.579477710792123,0.363120533505156,0.863191073273571,0.406510723786476
"133","Penelope perspicax",6.34750329582949,1.92868155789635,0.662244739457247,2.3904174348155,-2.51005349952304,0.164302432141928,-0.675316700228459,-0.292264495229807,-0.287405879626899
"134","Phaethornis guy",-1.19923046405293,-1.0937796259405,-0.295852190076656,-1.66458757256644,-0.512736747450564,0.330711625011102,-0.900416102770313,0.733889383221494,0.13334730678021
"135","Phaethornis syrmatophorus",-1.39166114719271,-0.455012820201653,1.012681404925,-1.91118315294815,-0.551985393833169,0.273539134364633,-0.877733401773794,0.794467573199272,0.0596763388647073
"136","Pharomachrus antisianus",1.84874333677047,-0.508818419458943,1.25719151530225,0.142206277797529,-0.397710008819175,-1.22798328143127,0.466181594848406,0.700152575390994,0.021433424915523
"137","Pharomachrus auriceps",2.6573800110136,-0.362891583620208,1.13192503448634,-0.157340504751676,-0.831666462752452,-1.46842734037257,0.596396090130657,0.501992061671917,-0.0829482971610133
"138","Pheucticus ludovicianus",0.287864970263704,-0.517751857035931,-1.25360656715642,0.0962557732897902,0.192813749377845,0.0288309660694711,0.529314183859557,-0.316239007454787,0.019359875109447
"139","Pheugopedius mystacalis",-0.694552293891771,1.33440654863132,0.00956876058468403,0.162637860712131,0.170261592526197,0.231912773386812,-0.165445050962628,-0.00401427090769083,0.126542414709552
"140","Phyllomyias plumbeiceps",-1.97234260867478,0.586291554677669,0.821819441716045,-0.133821385503354,-0.202734849937953,-0.556572032968519,-0.0233127866147033,0.0359324950033902,-0.260087675039384
"141","Phylloscartes ophthalmicus",-1.79706774108314,0.507171993654485,0.518629417586795,0.00534141252476237,-0.15623588979029,-0.304343162416559,-0.18078474375148,-0.0475877912405375,-0.218019658034096
"142","Phylloscartes poecilotis",-1.85485759941736,0.955909343273421,0.753414014146215,-0.0338662962030576,0.0164191556556605,-0.210240911571965,-0.274638440805192,-0.144335507677416,-0.335050143782174
"143","Piaya cayana",3.02932226304641,0.670397243452576,-1.65248281899981,0.735187350607006,-2.60231216076484,-0.777017220612523,-0.90386776524591,-0.274290262699185,0.395737070741541
"144","Picoides fumigatus",-0.313636573455946,0.18879008873107,0.00660379116264697,-0.281412724852665,0.361406543905069,-0.00890000615275065,0.423119175645671,0.363844843779633,0.0516360545565983
"145","Picumnus granadensis",-1.78792127655598,0.414174557736719,-0.946104543637299,0.222935549302799,0.644050226578225,-0.28239848527021,-0.0643213047992193,0.305496341778375,-0.0221597266044674
"146","Pionus chalcopterus",2.13525314989908,-1.5956988923288,0.67832339849537,-1.14253658457325,-0.114177688681542,-0.543602214382361,1.63222234389129,0.119070595316031,0.062161919989139
"147","Pionus menstruus",2.45336044032933,-1.57655005690565,0.46770390712619,-0.521995617707573,0.0407632413179023,-0.14066313895011,1.51127423057496,-0.227035649621718,0.0216487308770051
"148","Pipraeidea melanonota",-0.905792738933292,-0.725162639422948,-1.22064105725362,0.392638573169664,0.0167403623179933,0.212920012187522,0.199257894714606,-0.0837868546167595,-0.11583315207549
"149","Pipreola aureopectus",-0.465697866150219,0.633123070631722,0.651067480759974,0.0290535674137965,0.188866969731101,-0.247093177924404,0.528322770692639,-0.188071235599473,0.170507462833593
"150","Pipreola riefferii",-0.365978242321325,0.827588723512123,1.0171160441457,0.124022482653988,-0.0195599618686869,-0.175289374539162,0.275258514011385,0.0695063256417688,0.262609513134698
"151","Piranga flava",-0.0962841096904618,0.154143323998431,-0.873707963552042,-0.219081391283658,-0.204207488549083,-0.264728235330024,0.387162088290598,-0.12521520534443,-0.0106510348852162
"152","Piranga rubra",-0.33262544570149,-0.301478300927762,-0.706095398809893,-0.279763671951735,-0.183453349213587,0.0111667125914336,0.551154688601905,-0.226204943668917,-0.0993694225667136
"153","Pitangus sulphuratus",0.454148042243565,-0.0920408483762782,-1.85299414006596,0.0678448907438823,-0.174407687735343,0.302199282475837,0.580596825186465,-0.329046706693387,-0.0304267155305699
"154","Platyrinchus mystaceus",-1.58334147378333,0.802132853262141,-0.811765638223378,-0.0996947667502746,0.281031845702505,-0.0251316659564984,0.288433878514454,-0.452729002718851,-0.521152022954665
"155","Premnoplex brunnescens",-1.32972388872831,0.834436615382038,0.49734237499903,0.0318040733243234,-0.0567647074773962,0.0122735365886291,-0.255501550307377,0.134359376620568,0.0915590040187803
"156","Premnornis guttuliger",-1.3735939822153,0.956942632062779,0.817339333454902,0.0238695153318679,-0.209538669638,-0.166686185041463,-0.329067465567057,0.0935617491064936,-0.0217678379036684
"157","Psarocolius angustifrons",4.09560599820469,0.837801094223145,0.266627479398191,-0.745766734602816,-2.03944101289217,0.355417329573781,-0.211155325754678,0.648720647393649,-0.58767280471372
"158","Psittacara wagleri",3.14703290048096,-0.17121132097125,-0.726769056609048,-0.982041593980815,-0.486147461374727,-1.44996110686071,1.06732880473806,-0.13700559161667,-0.0849224447288957
"159","Pygochelidon cyanoleuca",-1.51303622283366,-1.71550879671884,0.187587854548418,-0.0709529809306752,-0.184633408841581,-0.178483050971158,0.307705186410298,-0.258894431607257,-0.489600670616864
"160","Pyrocephalus rubinus",-1.12185520935421,-0.0663710589876658,-1.18844731583087,0.0856018943972964,-0.11174996411731,0.131936933003924,0.11558115337106,0.0663263304776087,-0.218569276507916
"161","Pyroderus scutatus",3.62383943720838,1.33621880354846,0.168804417144909,-0.385969177034443,-0.774702002810056,0.253365114831171,1.23223643699345,0.322676164818161,-0.851746080989
"162","Pyrrhomyias cinnamomeus",-1.59576535892605,0.165884546152358,0.207233383233224,-0.216891015876434,-0.190503770663268,-0.301715037652249,0.011846824949956,-0.0654457898269333,-0.264684373241049
"163","Ramphastos ambiguus",10.0105991892338,2.03510485803852,-1.58725272004439,-7.5388232445853,0.746321654963033,1.05123935090332,-0.511359035813474,-0.277639342284786,-0.256079830880878
"164","Ramphocaenus melanurus",-1.58439864637301,1.21335018483961,-0.0807466574807561,-0.189213930250158,0.113853397581006,0.513290283835749,-0.586464341722394,0.322728076574161,-0.0618860254964812
"165","Ramphocelus dimidiatus",-0.543604651084674,0.415706878134103,-0.904650286833978,0.159028392282156,-0.0674419606197215,-0.00623971799575923,0.186925901489232,-0.201436650444492,0.00487523633279058
"166","Ramphocelus flammigerus",-0.188942146678046,0.488019286088544,-0.542048531665324,0.0359054194614643,-0.287777607924508,-0.0444755070780473,0.303152775931359,-0.157828849365251,-0.0636509707151502
"167","Rupicola peruvianus",2.11728262775544,1.25142876233717,0.268590866529493,0.474261327917105,-0.514427466596814,-0.0676768210975325,0.870612104205956,0.331352225578885,-0.347191789394329
"168","Rupornis magnirostris",4.58930586409756,-0.0841401331105133,-0.26145871325526,1.45352412476785,0.540568717168976,-0.399408934727421,-0.600779600921841,-0.21362655793399,-0.164667483881843
"169","Saltator atripennis",0.302672856795922,1.14061552998889,-0.00152433740721816,-0.257871633752531,-0.23190683678933,-0.171398842676364,0.442596454952202,-0.208727233408135,0.0490101226227289
"170","Saltator striatipectus",0.194737781531541,0.355258937376039,-1.25171261436581,0.0162173582392967,0.00847389481085031,-0.0148021331352873,0.396079102425528,-0.313650069540996,-0.0370774417264852
"171","Schistes geoffroyi",-2.54962517624148,-0.490123653329634,0.725314505657592,-0.739331348192323,0.0323802789522672,-0.333920454964147,-0.554748559579721,0.176244521398965,-0.159068226845669
"172","Sclerurus mexicanus",-0.808633007576693,0.801455185714225,0.585924462948136,-0.0867285152181513,0.0861951936341669,0.229953179274225,-0.283448628026693,0.425413739478105,0.156568053666331
"173","Scytalopus vicinior",-1.52943501383583,1.55576452650395,0.653053810113757,0.197214235863505,0.107091184076235,0.20150285273778,-0.0254423998718016,0.0731473154731727,-0.000978971896846342
"174","Semnornis ramphastinus",1.845157914981,1.03264028464046,0.665555800184335,-0.420454878402059,1.24537218440046,-0.949852275880399,0.192437788420765,-0.878215987870393,0.250728520300447
"175","Setophaga fusca",-1.70306508336812,0.153631262126554,0.321772968384539,0.0854330223102309,-0.00897380003302561,0.0427462179513636,-0.164627242704674,-0.0541872964004545,-0.270815895162828
"176","Setophaga pitiayumi",-1.93950784534089,0.254113405432957,-0.17922456830508,0.0125665341658543,-0.0212637842478161,0.119952410315136,-0.069200045470895,-0.19985372376069,-0.348957617588791
"177","Setophaga ruticilla",-1.29209871896599,-0.523142672525209,-2.1133153930155,0.538279724196446,0.508269664913113,-0.140653275452577,-0.389237381361586,-0.132243717314338,-0.198907237887628
"178","Sphenopsis frontalis",-1.27010028634474,1.14263976429152,0.756227289089772,0.0471006614191604,-0.143095747960482,-0.145116759169568,-0.192258476872782,0.0317409595685671,-0.119383070249678
"179","Spinus psaltria",-1.52109111313088,-2.55794332890468,1.03397047919029,-0.0632968284400804,-0.242212345204984,0.415626418739921,0.138639359703059,-0.317622821290182,0.235094232681339
"180","Spinus spinescens",-1.22339852438007,-0.74765972256724,-1.24330180418287,0.320207648726335,0.312260315605353,-0.0285874994994096,0.110007928924068,-0.117911740155308,-0.00020489939788406
"181","Spinus xanthogastrus",-1.57754529237748,-0.797231118419813,0.222865087166651,-0.251611242206373,0.0637546201173725,-0.155639009703964,0.139888435885597,-0.295970819761849,-0.137873824491518
"182","Spizaetus ornatus",9.45826679559433,-3.31075684768479,3.24123547279582,1.40277728705014,1.18496838430773,-1.05377629300789,-1.8040062183777,-1.19185097557091,0.105856209657489
"183","Sporophila intermedia",-1.17828215938002,0.447616024366247,-0.229297831263592,-0.1561426494238,0.477448698287685,-0.599776473606994,0.0312025718990355,-0.418511028914845,-0.184466217572194
"184","Sporophila nigricollis",-1.49088937361203,0.0211967682013439,-0.803624859400267,0.143366292728095,0.645308147373451,-0.459988222628778,-0.115219411277914,-0.206917724609855,-0.0870447317892609
"185","Stelgidopteryx ruficollis",-1.43285531025912,-1.42801138145426,0.116106839478232,0.062340101253068,-0.428590847831207,0.0807652410491341,0.595311704492215,0.0685637753283078,-0.294321457150192
"186","Streptoprocne rutila",-0.514761723136016,-2.55372293823453,1.18116168967537,0.0959037045384167,0.681407883330565,-0.475345350870365,0.308451061160004,-0.0588899370425467,-0.0889950164735998
"187","Streptoprocne zonaris",1.2640500190354,-2.46417635349763,1.40594680729339,0.529313869228754,0.354599076521275,-0.140767427932915,1.10960631742009,0.263209300395077,-0.195871571590905
"188","Synallaxis azarae",-1.02823545987273,0.197300459015701,-1.16622966319818,0.660024305200254,-0.25483701517771,-0.090523871228577,-0.579886586448514,-0.0307047988507784,0.219055930503745
"189","Synallaxis brachyura",-0.919797974845381,0.537688663454657,-1.25396054865744,0.728127069171046,-0.0392682649713762,-0.0332092869171789,-0.39685374532906,0.0427135972920431,0.217827550969909
"190","Synallaxis unirufa",-1.14729205810995,0.810643869468942,0.514661165549095,0.23148253248474,-0.440141203656878,-0.1720178790792,-0.50912600762829,-0.0768431449920563,0.186434283604559
"191","Syndactyla subalaris",-0.570914548167947,0.603380149029172,0.242365513125047,0.0963042876045137,-0.36622335291535,0.0735124151467079,-0.0911297007151717,0.190188863738275,0.12160824340145
"192","Tachyphonus rufus",-0.156463228390367,0.377956990687707,-1.24119746890052,0.252801984465862,-0.2740914010657,0.180098221514103,0.139131975264258,-0.110567313646531,0.0943023944891995
"193","Tangara arthus",-0.930929547982769,0.333534291395627,0.693418503382388,-0.177013164334421,0.404440185445071,-0.315468894653827,0.238695427313087,-0.184052204168799,-0.0819425046007761
"194","Tangara cyanicollis",-1.11478531849699,-0.609633385454945,-1.24026636457413,0.35956421813105,0.627988423287782,-0.119826485361882,-0.0264140093640464,0.0219916630278036,0.157236174963332
"195","Tangara gyrola",-1.00123632768193,0.0618732085296096,0.0352097157489003,0.00119560848392677,0.424706981560841,-0.261678368562858,0.0861627292774676,0.124321417849091,0.0727827462543614
"196","Tangara heinei",-1.11653546874475,0.432852024399146,0.681026341636933,-0.0388925574538139,0.42776529642909,-0.293769275277475,0.0596410433193214,-0.0643297253071009,0.0440610641616763
"197","Tangara labradorides",-0.99521206125157,0.0968406969137179,0.437823054954491,0.00303391131987985,0.426707036018413,-0.18818075697564,0.178826460812065,-0.109047782175012,0.150086593374929
"198","Tangara nigroviridis",-1.24840114152926,0.374782413189896,1.09098557327559,-0.000982531964422944,0.315480848868686,-0.35327849655466,-0.0407261379309529,-0.124624248216427,-0.0883162309399326
"199","Tangara ruficervix",-1.09670843004247,0.240372561413852,0.421985769332267,0.414323657534164,0.396462222324817,-0.414734598505795,0.0806127992213567,-0.303657111257048,-0.0417526990601367
"200","Tangara vitriolina",-0.725709345066167,-0.38409417275929,-0.939510624296637,0.254914932894102,0.436837983351376,-0.221995429007191,0.135095319784432,-0.0805193670853167,0.130046711818781
"201","Tangara xanthocephala",-1.11432454350444,0.168602743216167,0.431345285953185,0.119420839781619,0.471144430743506,-0.139084365949198,-0.0187692182645642,-0.0604689635838933,0.0496291774908574
"202","Tapera naevia",0.801036023211715,0.50679909173276,0.329407074252983,0.673609796280298,-1.75602830037545,-0.825899539480222,-0.491356723285591,-0.0709600437809266,0.347258896307729
"203","Tersina viridis",-0.984210035583163,0.40506169902581,0.597309087603408,-0.215995814658112,-0.0807677936432245,-0.211032809516432,0.699576389092489,-0.22752051792505,-0.0537074972933575
"204","Thalurania colombica",-2.28643413552601,-0.874889285401028,0.125063428675812,-0.633136692046823,0.0330492441929215,-0.16195353775841,-0.550515542074177,0.333342543079604,-0.179181558401776
"205","Thamnophilus multistriatus",-0.319761642632866,0.57556778160895,-1.22994865555363,0.333609052348783,0.516007105889983,0.0203677327029582,-0.306561393162582,0.102515577815225,0.209257314328589
"206","Thamnophilus unicolor",-0.743941835749117,1.17941222624035,0.460890127677898,0.200192106248137,0.341897411897721,-0.306043177501575,-0.277776851965894,-0.0203081536295889,0.0605949546871986
"207","Thraupis cyanocephala",-0.386374160134957,-0.0431758913444472,-0.270436699723042,0.17662229594049,-0.110259798339315,0.141749881736189,0.29002656839577,-0.196049119065535,0.0629643372606425
"208","Thraupis episcopus",-0.586268884827608,0.367943004332048,-0.830537458822453,0.266312425839101,0.158764841074975,-0.0233819220099249,0.327519865530021,0.101871377432496,0.12429359661918
"209","Thraupis palmarum",-0.0606207446121919,-1.42741122731839,-3.97182798387499,0.972390004829478,0.258017886849048,0.341782931525986,0.207074220376731,0.114447033559148,0.250631207834395
"210","Thripadectes virgaticeps",0.111529384717799,1.08724478418424,0.575928177842913,0.324720402038324,-0.47337416905451,0.20605007052201,0.133419298557806,0.0657613932422761,0.271580955252455
"211","Tiaris olivaceus",-1.78423544229963,0.256923063110991,-1.28148889285095,0.426434215125242,0.291353888478356,0.00395738679947927,-0.213400756140953,-0.0693878130028819,-0.232173509913387
"212","Tinamus tao",4.31771405525355,1.49879943962832,1.05898147323752,1.71101280084788,1.04310319437346,2.11908026743134,0.472878895369679,0.77763725761281,-0.160916861452332
"213","Todirostrum cinereum",-1.59995896876633,-0.158869384857876,-3.0601053027331,0.630901807066712,0.694304302096741,0.148488310574822,-0.345144316612237,-0.131820727345532,-0.209069522489571
"214","Troglodytes aedon",-1.30372914730695,-0.47028150316004,-2.45178458153314,0.652274156277229,0.46443371074977,0.512847038875459,-0.263938167836595,0.115659509570507,0.13575048500302
"215","Troglodytes solstitialis",-1.84131383691006,1.11914130060983,0.75027737844389,-0.0489418037106367,0.176652882732828,0.137733128049625,-0.236069966054095,0.0587374428689067,-0.06536465436627
"216","Trogon collaris",1.38937143448408,-1.3215627764957,0.579262169295343,-0.342665948649306,-0.452099802403121,-1.33079586625614,0.268855076459372,-0.596867355568624,0.440330023590804
"217","Turdus fuscater",2.89926171398019,-0.540132259402945,-0.323783839426413,0.835574127713223,0.728206685645507,-0.433229046772949,-0.901564177430538,-0.177967800841856,0.573132908107205
"218","Turdus ignobilis",1.39838768787076,-0.60486483835735,-1.6660033153924,0.761965412224567,0.99890781373686,-0.12834116898165,-0.407396253024174,0.0281969518946391,0.403455870064322
"219","Turdus leucops",0.530812153946447,0.421387690788288,1.26201327807558,-0.0912206716082196,0.312373144114633,-0.196860740333043,0.150904268665996,-0.0161466275209791,0.214679775784984
"220","Turdus obsoletus",0.635385370357014,0.1549053015125,1.01119174226347,0.0673695564254389,0.273351199642851,-0.123894010517337,0.173021746107762,0.062866180677862,0.290721220295226
"221","Turdus serranus",1.22905947453999,0.716511454162525,1.31688398357314,0.21767908403564,0.567854828547909,-0.439402501197504,-0.564651474700674,0.199160111604659,0.446602562706253
"222","Tyrannus melancholicus",0.581936191586468,-0.512690324438276,-1.75860376719049,-0.0954987855150086,-0.460489522462815,-0.16263460107305,0.311962230659898,0.12399189619588,-0.107597049425036
"223","Vanellus chilensis",3.84316614982346,-1.90060808723043,2.28617553112783,1.1977435713786,1.04003361383193,2.17681474627719,-0.275764892137782,-0.886711515459043,0.0958770702225402
"224","Veniliornis dignus",-0.524021634653875,0.759810853696466,0.917390892208527,-0.421332698827655,0.104331045689487,-0.00746059512242855,0.541977125919394,0.104311577739702,-0.0802553142669264
"225","Vireo leucophrys",-1.18273658619047,0.250228037865455,0.011413247527974,0.251906477492085,0.259451301756562,0.0366535812769653,0.103489023005543,0.142918953498407,0.263771067434205
"226","Volatinia jacarina",-1.60509776462983,0.391398259916119,-1.31389859574285,0.421952773487857,0.428795223964776,-0.11387222999757,-0.235575462283543,-0.189393130921348,-0.131062587882341
"227","Xenops rutilans",-1.91445044989942,0.337734869912876,0.960525102282776,-0.132543466826155,-0.392246117626492,0.0377991971046491,0.0740760246484953,0.0592761032889244,-0.298624671461826
"228","Xiphorhynchus erythropygius",0.585431084551146,0.16869349463064,0.0696320944583407,-0.26426914460848,-0.377612800266033,0.219327876396582,-0.207181729080718,0.31715079945385,0.215022532449199
"229","Xiphorhynchus triangularis",0.320427655807307,0.46122826930151,0.706308640518806,-0.45361937132871,-0.385206899826527,0.107630951422667,-0.17873034269663,0.61387134153607,0.210260348200215
"230","Zenaida auriculata",1.51490613706353,-2.07947347123802,-1.05510565252078,1.03352342121186,0.0513232142848328,0.0335379489070781,0.101814919621339,0.415308419245525,0.724424945466788
"231","Zentrygon frenata",1.39186430628706,0.213451166667538,0.898778099827403,0.977591815838976,-0.342628224037593,0.932698006880188,0.512986742432753,0.584348640071904,0.544997286828311
"232","Zimmerius chrysops",-1.84989021279939,0.317542931187966,-0.517661140070443,0.324192782220756,0.213780457461558,-0.101524569412078,-0.159570302801776,0.00728519231141535,-0.11460285450388
"233","Zonotrichia capensis",-0.726023316812735,-0.593080400802319,-1.60226503434815,0.533126556072157,0.31324670441857,0.168525430156599,0.00510827199661193,-0.33960953825649,0.18898702248318
