binomial,id,1911,1959,1994,2016,weight,TotalCulmen,BillWidth,WingLength,TailLength,Tarsus,HWI,Hab_breadth,Gen_length,Historical Abundance,Current Abundance,POP,IUCN,Data_Source,Functional_Uniqueness,Functional_Distinctiveness,Comp.1,Comp.2,Comp.3,Comp.4,Comp.5,Comp.6,Comp.7,Comp.8,Comp.9
Nothocercus bonapartei,1,1,1,,1,763.00,34.14,5.97,194.46,58.39,60.71,8.56,2,6.8,0.2,0.2,A,LC,MontoyaEtAl2018,0.07045555,0.223112292,2.869056442,1.472656469,1.21944787,1.239114,1.222680297,1.575257991,0.334974237,0.498533272,0.327886685
Tinamus tao,2,1,,,,1636.00,40.63,6.94,271.33,77.04,73.20,7.96,3,6.8,0.2,0,A,VU,MontoyaEtAl2018,0.07045555,0.268636845,4.317714055,1.49879944,1.058981473,1.711012801,1.043103194,2.119080267,0.472878895,0.777637258,-0.160916861
Crypturellus soui,3,1,1,1,1,236.00,22.11,4.58,127.99,46.80,36.54,13.16,4,6.8,0.4,0.2,C,LC,Medidas ICN,0.0718024,0.150868954,1.066602624,0.591454242,0.42255387,0.920272851,1.259525886,0.481339561,0.321944795,0.506582551,0.67242443
Chamaepetes goudotii,4,1,1,1,1,515.00,37.95,10.17,247.00,245.00,63.73,5.76,1,5.7,0.4,0.4,C,LC,MontoyaEtAl2018,0.066251362,0.301263648,4.789870475,2.002577647,1.174123273,1.422956454,-1.84002334,0.145620303,-0.654311345,0.01705071,-0.157194026
Penelope perspicax,5,1,,,,1197.00,35.81,11.72,297.50,305.32,77.82,6.05,3,5.7,0.6,0,A,EN,AMNH,0.089239856,0.354740399,6.347503296,1.928681558,0.662244739,2.390417435,-2.5100535,0.164302432,-0.6753167,-0.292264495,-0.28740588
Ortalis columbiana,6,1,,,1,520.00,30.84,9.85,217.50,255.00,66.21,6.89,7,5.7,0.6,0.8,C,LC,MontoyaEtAl2018,0.066251362,0.293316162,4.767429676,1.177931395,-0.778352054,2.201762524,-1.69874806,0.160838095,-0.777780011,-0.391416346,0.233025411
Odontophorus hyperythrus,7,1,1,1,1,339.50,23.85,10.95,142.20,59.85,53.10,4.64,2,3.9,0.8,0.4,C,NT,MontoyaEtAl2018,0.057726282,0.188970316,1.76576548,2.067213341,0.55405773,0.707915515,0.376866399,1.214112163,1.086658857,-0.598484514,-0.026499074
Patagioenas fasciata,8,1,1,1,1,287.73,25.78,5.45,171.40,112.89,24.93,37.32,5,6.9,0.6,0.6,C,LC,MontoyaEtAl2018,0.055712507,0.173118855,1.873728191,-0.918497462,0.457468827,0.620376304,-0.059395638,-0.163518008,0.450001219,0.773292844,0.720480292
Patagioenas cayennensis,9,1,,,1,229.00,18.70,5.10,172.90,135.00,26.20,64.65,5,6.6,0.8,0.2,C,LC,Medidas ICN-Mahecha,0.057241633,0.19993518,1.841746678,-2.306452541,0.980210195,0.813404095,-0.736050499,-0.120545612,0.554517208,0.114715306,0.728340015
Patagioenas subvinacea,10,1,,,,163.00,18.81,4.58,167.00,107.03,21.00,27.11,3,6.6,0.6,0,A,VU,MontoyaEtAl2018,0.055712507,0.145359622,1.153316005,-0.255276358,0.91846848,0.737156453,-0.040049539,-0.579477711,0.363120534,0.863191073,0.406510724
Geotrygon montana,11,1,1,1,1,110.00,19.49,3.66,132.90,58.05,27.55,30.02,4,4.6,0.8,0.4,C,LC,MontoyaEtAl2018,0.058370566,0.124810306,0.240614914,-0.255422287,0.506302497,0.698929294,0.12084144,0.632372214,0.579897356,0.460689138,0.310110687
Leptotila verreauxi,12,1,1,1,1,148.59,22.03,3.28,134.75,80.01,29.79,19.42,7,4.2,0.8,0.2,C,LC,MontoyaEtAl2018,0.051916639,0.137372271,0.604247256,-0.034635478,-0.692244322,1.134881904,-0.087330834,0.708129825,0.381309677,0.698749344,0.489204691
Zentrygon frenata,13,1,1,1,1,307.00,26.27,3.87,160.50,93.52,37.54,27.57,3,4.6,0.8,0.6,C,LC,MontoyaEtAl2018,0.06170918,0.160820827,1.391864306,0.213451167,0.8987781,0.977591816,-0.342628224,0.932698007,0.512986742,0.58434864,0.544997287
Tapera naevia,14,1,1,1,1,50.00,18.49,6.00,113.00,184.00,24.58,19.73,3,4.2,0.6,0.2,C,LC,Medidas ICN-Mahecha,0.06262928,0.138959647,0.801036023,0.506799092,0.329407074,0.673609796,-1.7560283,-0.825899539,-0.491356723,-0.070960044,0.347258896
Piaya cayana,15,1,1,1,1,102.00,33.77,10.79,145.33,265.00,36.14,11.18,8,4.2,0.8,0.6,C,LC,MontoyaEtAl2018,0.059420208,0.225425591,3.029322263,0.670397243,-1.652482819,0.735187351,-2.602312161,-0.777017221,-0.903867765,-0.274290263,0.395737071
Nyctidromus albicollis,16,1,1,1,1,53.20,14.28,5.77,147.89,114.23,19.53,41.78,8,5.4,0.8,0.2,C,LC,MontoyaEtAl2018,0.065300792,0.15212307,0.695983317,-1.600452031,-0.701154045,0.793459668,-0.490195217,-0.403172878,0.285268854,0.14189817,0.074730811
Hydropsalis cayennensis,17,1,1,,1,35.50,18.25,6.00,140.00,107.50,14.47,62.53,4,5.6,0.8,0.2,C,LC,Medidas ICN-Mahecha,0.064957486,0.155107469,0.393405236,-2.17642454,0.922471827,-0.134901725,-0.775086899,-0.392373525,0.327270881,-0.074816204,0.057342474
Streptoprocne rutila,18,1,1,1,1,20.20,8.50,3.92,126.33,42.90,12.80,62.90,4,7.2,0.6,0.6,C,LC,MontoyaEtAl2018,0.057262863,0.15830736,-0.514761723,-2.553722938,1.18116169,0.095903705,0.681407883,-0.475345351,0.308451061,-0.058889937,-0.088995016
Streptoprocne zonaris,19,1,1,1,1,119.75,13.12,6.11,208.00,66.76,21.97,65.33,4,7.2,0.6,0.6,C,LC,MontoyaEtAl2018,0.070729095,0.182170946,1.264050019,-2.464176353,1.405946807,0.529313869,0.354599077,-0.140767428,1.109606317,0.2632093,-0.195871572
Eutoxeres aquila,20,1,1,1,,12.00,27.95,4.38,66.50,56.00,5.30,42.28,2,4.2,0.2,0,C,LC,Medidas ICN-Mahecha,0.045097355,0.130999327,-1.319140559,-0.825430402,0.879804229,-1.194949666,-0.427221722,-0.011326231,-0.08515558,0.317543316,0.170785574
Phaethornis guy,21,1,1,1,1,5.79,42.76,3.58,59.50,64.79,3.92,38.88,5,4.2,0.8,0.2,C,LC,Medidas ICN-Mahecha,0.034403634,0.14902267,-1.199230464,-1.093779626,-0.29585219,-1.664587573,-0.512736747,0.330711625,-0.900416103,0.733889383,0.133347307
Phaethornis syrmatophorus,22,1,1,1,1,5.91,42.97,3.19,60.95,59.00,4.10,36.78,1,4.2,1,0.4,C,LC,Medidas ICN-Mahecha,0.035154207,0.154827403,-1.391661147,-0.45501282,1.012681405,-1.911183153,-0.551985394,0.273539134,-0.877733402,0.794467573,0.059676339
Doryfera ludovicae,23,1,1,,,5.77,35.98,2.92,61.18,32.49,6.63,36.50,3,4.2,0.2,0,C,LC,Medidas ICN-Mahecha,0.035154207,0.142844519,-1.645744744,-0.736987691,0.432389076,-1.451719129,-0.033139627,0.458900014,-0.626448179,0.633503211,-0.067868565
Schistes geoffroyi,24,1,1,1,1,3.60,16.23,2.08,38.20,34.98,3.67,31.35,2,4.2,0.4,0.2,C,LC,Medidas ICN-Mahecha,0.025879076,0.151708283,-2.549625176,-0.490123653,0.725314506,-0.739331348,0.032380279,-0.333920455,-0.55474856,0.176244521,-0.159068227
Adelomyia melanogenys,25,1,1,1,1,4.22,18.04,2.48,55.27,35.81,6.58,62.46,1,4.2,0.8,0.8,C,LC,MontoyaEtAl2018,0.025965369,0.175565821,-2.197321804,-1.880938631,1.66678145,-1.044236961,-0.351622931,0.147950333,-0.23959011,-0.265594691,-0.16355628
Aglaiocercus kingii,26,1,1,1,1,4.87,20.80,2.09,60.24,79.94,5.96,66.28,4,4.2,1,0.6,C,LC,MontoyaEtAl2018,0.033681983,0.168076886,-1.658430782,-2.476347265,0.730220289,-0.76238135,-0.950969222,0.00082119,-0.565551117,-0.171256268,0.102412655
Haplophaedia aureliae,27,1,1,1,1,5.20,22.72,1.72,58.72,36.46,14.70,66.41,1,4.2,1,0.8,C,LC,MontoyaEtAl2018,0.025965369,0.17046383,-1.845007772,-1.974772807,1.82048796,-0.937464204,-0.354270966,0.700994009,-0.439549858,-0.342602747,-0.066811668
Coeligena coeligena,28,1,1,1,1,6.40,33.43,2.20,67.43,42.95,12.00,62.40,2,4.2,1,0.6,C,LC,MontoyaEtAl2018,0.033486633,0.161725891,-1.443281785,-1.875330817,1.337978579,-1.342382317,-0.451278243,0.826811988,-0.541937858,0.111390141,0.031967416
Boissonneaua flavescens,29,1,1,1,1,9.20,22.31,2.11,75.86,46.07,7.30,62.33,4,4.2,0.4,0.4,C,LC,MontoyaEtAl2018,0.025740601,0.150954171,-1.561646494,-2.242029604,0.744860956,-0.721955355,-0.4126709,0.38448648,-0.071797467,0.141534796,0.106602939
Ocreatus underwoodii,30,1,1,1,1,2.60,16.63,1.48,42.37,82.29,4.30,68.94,3,4.2,1,1,C,LC,MontoyaEtAl2018,0.028486807,0.189890387,-2.161508258,-2.552807981,1.078545765,-0.807011301,-1.045264187,-0.218954792,-0.819761081,-0.422259947,0.018698912
Heliodoxa rubinoides,31,1,1,1,1,6.62,23.25,2.90,59.70,40.68,7.03,59.54,5,4.2,0.8,0.6,C,LC,MontoyaEtAl2018,0.025740601,0.155592997,-1.701781353,-2.204729877,0.275398562,-0.886474586,-0.262382427,0.373290242,-0.198487022,-0.026649911,0.075915387
Calliphlox mitchellii,32,1,1,,1,3.10,18.90,1.63,33.70,16.40,2.70,22.20,3,4.2,0.2,0.6,C,LC,Medidas ICN-Mahecha,0.034241184,0.156334048,-2.757228731,-0.194396118,0.21771381,-0.785867107,0.413959159,-0.201099541,-0.653344971,0.454117867,-0.214692202
Chlorostilbon melanorhynchus,33,1,1,1,1,2.60,17.70,1.69,46.29,26.93,3.35,66.05,3,4.2,0.6,0.6,C,LC,MontoyaEtAl2018,0.028486807,0.189864185,-2.551427034,-2.43475319,1.047612019,-1.056614931,-0.227428797,0.194155306,-0.397717932,-0.226342865,-0.208712881
Thalurania colombica,34,1,,,1,4.00,18.78,1.97,51.25,37.00,4.10,33.45,4,4.2,0.8,0.2,C,LC,Medidas ICN-Mahecha,0.025879076,0.14720754,-2.286434136,-0.874889285,0.125063429,-0.633136692,0.033049244,-0.161953538,-0.550515542,0.333342543,-0.179181558
Amazilia franciae,35,1,1,1,1,5.00,28.52,2.30,53.43,30.25,4.90,63.35,4,3.4,1,0.4,C,LC,MontoyaEtAl2018,0.036624352,0.175369685,-2.059433697,-2.215312176,0.571715068,-1.313884683,-0.493413719,0.735138244,-0.215439075,0.092222419,0.009952384
Amazilia saucerottei,36,1,1,1,1,4.00,22.13,2.33,51.71,29.63,4.97,69.78,10,3.4,0.6,0.6,C,LC,MontoyaEtAl2018,0.061973282,0.210928914,-2.062571955,-3.403949545,-1.272652853,-0.696592805,-0.30796769,0.788605391,-0.161538301,-0.153582807,-0.007353071
Hylocharis grayi,37,1,1,1,1,5.60,19.40,2.65,49.00,26.60,3.60,37.43,6,4.2,1,0.2,C,LC,Medidas ICN-Mahecha,0.033202624,0.149882252,-2.142780146,-1.295811927,-0.476922338,-0.626466973,0.214811242,0.018179152,-0.256619212,0.293908261,-0.011224569
Laterallus albigularis,38,1,,,,43.00,19.76,3.33,72.52,27.12,27.10,12.75,1,3.7,0.2,0,A,LC,Medidas ICN-Mahecha,0.035023787,0.123553581,-1.004301521,1.137431543,0.967980414,0.187154557,0.395464809,0.736796757,0.214142203,0.206027797,0.243094078
Mustelirallus colombianus,39,1,1,,,62.10,21.44,3.84,98.19,31.43,26.04,20.33,2,3.7,0.2,0,A,DD,AMNH,0.035023787,0.114611502,-0.59005933,0.612310271,0.804942788,0.197121137,0.254369525,0.825853616,0.510898479,0.351991396,0.199292826
Vanellus chilensis,40,1,1,1,1,327.00,33.72,5.93,218.33,79.97,75.67,69.70,3,8.9,0.6,0.6,C,LC,Medidas ICN-Mahecha,0.083152445,0.283652791,3.84316615,-1.900608087,2.286175531,1.197743571,1.040033614,2.176814746,-0.275764892,-0.886711515,0.09587707
Cathartes aura,41,1,1,1,1,1430.00,56.46,15.53,510.00,250.00,65.04,33.33,9,9.9,0.6,0.6,C,LC,MontoyaEtAl2018,0.15803569,0.444190626,8.776123506,-1.093600199,-0.399734559,1.434965931,-0.851787453,0.093454164,0.141880099,1.596785683,-2.04583595
Coragyps atratus,42,1,1,1,1,1640.00,57.00,16.45,402.33,156.67,79.72,24.77,9,18.6,0.6,0.6,C,LC,MontoyaEtAl2018,0.15803569,0.464754512,9.372296209,-1.163584684,0.082696532,1.028675694,3.560136508,-0.587814187,-1.2130049,0.695678419,-0.665921541
Accipiter striatus,43,1,,,,99.24,18.38,7.97,177.42,121.02,49.43,20.64,10,7.2,0.4,0,A,LC,MontoyaEtAl2018,0.066627823,0.204287285,2.5035059,-0.532451702,-1.433962566,1.717124557,0.559803341,0.162166005,-0.357144056,-0.36799006,-0.176917003
Buteo platypterus,44,1,1,1,1,355.75,29.79,11.09,276.75,168.06,59.25,90.33,4,9.3,0.6,0.6,C,LC,Medidas ICN-Mahecha,0.124377151,0.337969742,4.981829604,-3.230239662,2.110531632,0.777039469,-0.45540586,0.577399459,0.256462161,-1.04034888,-0.25013506
Ciccaba virgata,45,1,1,1,1,187.50,28.80,8.85,232.00,114.06,37.47,16.79,8,9.6,0.2,0.2,C,LC,MontoyaEtAl2018,0.066461567,0.216444733,3.330106015,-0.452255072,-0.685434775,0.968844783,1.184922738,-0.573528206,-0.184815498,0.786976924,-0.22196597
Glaucidium nubicola,46,1,1,,1,65.70,16.57,7.54,92.00,42.58,21.21,13.20,1,3.8,0.4,0.2,C,VU,Medidas ICN-Mahecha,0.030315335,0.118106778,-0.490167166,1.178086265,0.829146169,-0.10254166,0.177064968,0.062303891,0.899797189,-0.000795767,0.081363711
Pharomachrus auriceps,47,1,1,1,1,180.00,25.85,11.33,214.00,165.00,17.71,33.99,2,7.3,1,0.4,C,LC,MontoyaEtAl2018,0.034169155,0.201183768,2.657380011,-0.362891584,1.131925034,-0.157340505,-0.831666463,-1.46842734,0.59639609,0.501992062,-0.082948297
Pharomachrus antisianus,48,1,1,,1,136.00,21.56,8.15,197.00,135.09,16.63,33.85,2,7.3,0.6,0.2,C,LC,MontoyaEtAl2018,0.034169155,0.174665384,1.848743337,-0.508818419,1.257191515,0.142206278,-0.397710009,-1.227983281,0.466181595,0.700152575,0.021433425
Trogon collaris,49,1,1,1,1,64.20,18.10,10.78,118.70,138.70,16.80,48.28,4,7.3,1,0.8,C,LC,Medidas ICN-Mahecha,0.073930083,0.168045697,1.389371434,-1.321562776,0.579262169,-0.342665949,-0.452099802,-1.330795866,0.268855076,-0.596867356,0.440330024
Momotus aequatorialis,50,1,1,1,1,158.00,48.34,12.25,152.53,276.67,30.55,14.55,6,3.6,0.8,0.8,C,LC,MontoyaEtAl2018,0.059420208,0.233600648,3.434718374,0.917500173,-1.132895548,-0.251849171,-3.190248753,-0.60131223,-0.707568312,0.115156542,0.574865121
Hapaloptila castanea,51,1,1,,,80.60,38.99,12.85,110.04,87.16,21.00,16.10,3,6.3,0.2,0,A,LC,AMNH,0.058332567,0.141170826,1.467423366,0.786128882,0.080771796,-1.331176358,0.259603557,-0.406919908,0.304529875,0.039020161,0.246496366
Eubucco bourcierii,52,1,1,1,1,37.00,20.52,7.53,70.53,50.83,18.80,8.87,2,8.5,1,1,C,LC,Medidas ICN,0.048816513,0.130860496,0.123955104,0.741670266,0.685884437,-0.413210833,1.578928855,-1.085515901,-0.360429455,0.100216664,0.474792942
Semnornis ramphastinus,53,1,1,,,97.70,22.30,13.90,102.60,83.30,34.20,12.47,2,8.5,0.4,0,A,NT,Medidas ICN-Mahecha,0.059199101,0.164148191,1.845157915,1.032640285,0.6655558,-0.420454878,1.245372184,-0.949852276,0.192437788,-0.878215988,0.25072852
Ramphastos ambiguus,54,1,,,,599.00,155.33,40.46,225.83,161.33,52.10,12.86,5,11.5,0.8,0,A,NT,Medidas ICN,0.131894419,0.439636695,10.01059919,2.035104858,-1.58725272,-7.538823245,0.746321655,1.051239351,-0.511359036,-0.277639342,-0.256079831
Aulacorhynchus prasinus,55,1,1,1,1,172.33,68.37,21.90,132.02,118.30,33.14,6.08,9,7,0.8,0.8,C,LC,MontoyaEtAl2018,0.081916885,0.252618958,4.091199099,1.052127341,-2.446941385,-2.462582829,0.376882238,0.11669897,0.191663385,-0.289795536,0.200505723
Aulacorhynchus haematopygus,56,1,1,1,1,203.00,94.83,25.31,133.56,137.57,38.53,10.13,5,7,1,0.6,C,LC,MontoyaEtAl2018,0.081916885,0.273033116,5.179740222,1.72953642,-1.312530404,-4.086902988,-0.153538002,0.688029468,-0.181662653,-0.330898743,0.255315054
Andigena nigrirostris,57,1,,,,358.75,89.75,29.99,172.96,168.20,39.51,8.71,4,11.5,0.8,0,A,LC,MontoyaEtAl2018,0.090253673,0.331594315,6.882519102,1.602681018,-0.72159073,-4.113474296,0.841478309,-0.93828945,-0.288460501,-0.622145348,0.219091794
Picumnus granadensis,58,1,1,1,1,12.10,11.79,3.81,53.90,29.94,11.61,6.82,6,4.2,0.6,0.2,C,LC,Medidas ICN,0.031592293,0.12467098,-1.787921277,0.414174558,-0.946104544,0.222935549,0.644050227,-0.282398485,-0.064321305,0.305496342,-0.022159727
Melanerpes formicivorus,59,1,1,,1,77.50,27.53,7.86,133.91,72.28,21.03,29.52,6,5.6,1,0.2,C,LC,MontoyaEtAl2018,0.041130102,0.130758362,0.843175499,-0.525384549,-0.384044427,-0.151640205,0.221233113,0.061433805,0.475735281,0.358567503,0.168130403
Picoides fumigatus,60,1,1,1,1,40.17,22.78,6.59,101.87,46.77,16.60,20.00,4,4.8,0.8,0.4,C,LC,MontoyaEtAl2018,0.030194483,0.103642565,-0.313636573,0.188790089,0.006603791,-0.281412725,0.361406544,-0.008900006,0.423119176,0.363844844,0.051636055
Veniliornis dignus,61,1,1,1,1,37.60,20.63,7.13,96.67,47.50,18.54,18.90,1,4.2,0.6,0.4,C,LC,MontoyaEtAl2018,0.028013399,0.109584336,-0.524021635,0.759810854,0.917390892,-0.421332699,0.104331046,-0.007460595,0.541977126,0.104311578,-0.080255314
Colaptes rubiginosus,62,1,1,1,1,55.40,27.54,7.92,120.14,72.05,20.08,18.38,7,4.3,0.8,0.6,C,LC,MontoyaEtAl2018,0.034773602,0.119953707,0.412162218,0.026775917,-1.082230048,-0.103104719,-0.026673176,0.182836724,0.435956137,0.386807673,0.024448449
Campephilus melanoleucos,63,1,1,,,256.00,48.50,12.68,150.00,135.00,28.98,38.18,9,6.5,0.8,0,A,LC,Medidas ICN-Mahecha,0.062367556,0.22210923,3.140963961,-0.997535077,-1.360377997,-0.788532699,-0.387061088,0.271511116,0.304167515,0.134065544,0.744971354
Micrastur ruficollis,64,1,1,1,1,196.00,22.94,9.77,188.00,167.50,53.77,14.31,3,8.6,0.2,0.2,C,LC,MontoyaEtAl2018,0.074954923,0.223915202,3.488747752,0.793486987,0.83091004,1.277989836,0.178220341,-0.562314538,-0.640134106,-0.461641671,0.04919662
Milvago chimachima,65,1,1,1,1,329.00,30.04,13.46,291.17,192.92,46.89,38.07,7,10.3,0.6,0.8,C,LC,Medidas ICN,0.073460524,0.298085716,5.273134851,-1.210055472,0.044987627,0.9678224,0.069460517,-0.987410244,-0.072214291,0.008428103,-0.516090103
Falco sparverius,66,1,1,1,1,103.00,17.08,9.63,189.50,120.47,32.68,39.38,11,5.7,0.6,0.6,C,LC,MontoyaEtAl2018,0.056518964,0.20389023,2.080178004,-1.626857676,-1.695012065,1.111711637,-0.232042251,-0.035736115,0.607841757,-0.23845578,-0.274254395
Bolborhynchus lineola,67,1,1,,1,56.20,15.53,9.11,104.30,54.68,12.72,48.34,2,6,0.6,0.2,C,LC,MontoyaEtAl2018,0.071207542,0.142309872,0.018778019,-1.049037191,1.216509594,-0.654062402,0.25599456,-0.5468879,1.013852861,-0.357358698,0.236898398
Amazona mercenarius,68,1,,,1,329.90,35.87,14.70,214.00,98.08,17.31,16.84,4,12.3,0.4,0.2,C,LC,MontoyaEtAl2018,0.113292564,0.224145545,3.715772118,-0.110180002,0.43455433,-0.863441306,1.945746949,-2.013546696,0.463244864,0.943745843,0.216189497
Forpus conspicillatus,69,1,1,1,1,26.40,14.24,8.64,72.13,38.91,7.67,27.92,6,4.1,0.6,0.8,C,LC,Medidas ICN,0.035197335,0.120262257,-0.980986511,-0.457843647,-0.741068585,-0.480007859,0.226790589,-0.382895324,0.91675351,-0.169245305,0.050631132
Psittacara wagleri,70,1,1,1,1,194.00,32.88,17.99,185.00,152.00,17.06,26.68,6,7,0.8,0.8,C,NT,MontoyaEtAl2018,0.07909818,0.207764766,3.1470329,-0.171211321,-0.726769057,-0.982041594,-0.486147461,-1.449961107,1.067328805,-0.137005592,-0.084922445
Thamnophilus multistriatus,71,1,1,1,1,27.50,21.00,5.74,71.66,63.39,24.34,5.78,7,4.9,0.6,0.6,C,LC,Medidas ICN,0.035174427,0.117155971,-0.319761643,0.575567782,-1.229948656,0.333609052,0.516007106,0.020367733,-0.306561393,0.102515578,0.209257314
Thamnophilus unicolor,72,1,1,1,1,22.79,15.70,5.19,70.12,63.70,23.32,5.99,2,4.9,1,0.6,C,LC,BravoEtAl,0.02748463,0.110601759,-0.743941836,1.179412226,0.460890128,0.200192106,0.341897412,-0.306043178,-0.277776852,-0.020308154,0.060594955
Dysithamnus mentalis,73,1,1,1,1,18.90,16.49,4.23,60.10,36.49,19.62,19.75,4,4.8,1,0.6,C,LC,MontoyaEtAl2018,0.018529381,0.100926365,-1.14785405,0.139316891,0.047541286,0.03602008,0.580603361,0.083111901,-0.104942179,-0.007921751,0.168248894
Myrmotherula schisticolor,74,1,1,1,1,8.73,13.30,3.28,55.31,35.85,15.99,11.12,2,5.1,0.8,0.6,C,LC,BravoEtAl,0.016461206,0.119440513,-1.700458349,0.661042719,0.555023808,-0.033840697,0.674302273,-0.379911291,-0.504407902,0.121186831,-0.135006686
Grallaria guatimalensis,75,1,1,1,1,94.20,27.60,6.65,96.00,35.30,45.80,18.85,3,3.5,0.2,0.2,C,LC,Medidas ICN-Mahecha,0.033699015,0.140974861,0.427369503,0.99526302,0.426682133,0.312445339,0.378334963,1.672589795,0.409030834,-0.443393091,0.162495097
Grallaria ruficapilla,76,1,1,,,86.00,27.73,7.27,101.85,58.49,52.81,4.55,3,3.5,1,0,A,LC,MontoyaEtAl2018,0.040916721,0.155141784,0.815403378,1.814327864,0.171859021,0.639606689,0.268718091,1.544651194,0.016820981,-0.54487467,-0.02247769
Grallaricula flavirostris,77,1,,,,5.00,17.12,5.90,69.46,23.02,22.33,14.32,2,2.9,0.2,0,A,NT,MontoyaEtAl2018,0.044660731,0.131589474,-1.79176858,0.846208186,0.345380106,-0.410700489,0.17484197,0.413698174,-0.168669702,-0.371501325,-0.903543067
Scytalopus vicinior,78,1,1,1,1,20.25,14.76,3.75,56.91,42.03,22.37,3.63,1,3.2,0.6,1,C,LC,Medidas ICN-Mahecha,0.023697413,0.124680776,-1.529435014,1.555764527,0.65305381,0.197214236,0.107091184,0.201502853,-0.0254424,0.073147315,-0.000978972
Formicarius rufipectus,79,1,1,,,74.40,22.10,6.53,87.60,59.70,41.60,13.93,3,3.2,0.8,0,A,LC,Medidas ICN-Mahecha,0.033699015,0.128183128,0.18366136,1.19895169,0.272805638,0.520195935,-0.024862656,1.140454389,0.295975117,-0.48742076,0.169706124
Sclerurus mexicanus,80,1,,,1,25.10,24.05,3.51,78.66,56.87,21.07,13.45,2,4.3,0.4,0.2,C,LC,ClaramuntEtAl,0.023784971,0.10624166,-0.808633008,0.801455186,0.585924463,-0.086728515,0.086195194,0.229953179,-0.283448628,0.425413739,0.156568054
Glyphorynchus spirurus,81,1,1,,,13.75,12.79,4.60,66.75,62.48,19.77,14.28,5,3.3,0.6,0,C,LC,Medidas ICN-Mahecha,0.025483455,0.103320261,-1.291819584,0.404002897,-0.524835341,0.360462216,-0.1562255,0.011591513,-0.101324252,-0.127470848,-0.143769717
Xiphorhynchus triangularis,82,1,1,1,1,46.30,33.09,5.51,114.11,90.35,20.56,21.16,2,4.8,0.8,0.2,C,LC,MontoyaEtAl2018,0.028823813,0.117806456,0.320427656,0.461228269,0.706308641,-0.453619371,-0.3852069,0.107630951,-0.178730343,0.613871342,0.210260348
Campylorhamphus pusillus,83,1,,,,38.00,53.26,4.29,98.96,83.30,20.05,17.62,2,4,0.2,0,A,LC,MontoyaEtAl2018,0.039000236,0.124727881,0.2964941,0.774250575,0.473911317,-1.297548481,-0.606296637,0.926316714,-0.688160848,1.18297632,0.406126387
Lepidocolaptes lacrymiger,84,1,1,1,1,32.01,30.06,4.44,107.47,86.79,18.62,23.08,4,4.1,1,0.8,C,LC,MontoyaEtAl2018,0.031435813,0.107778787,-0.117385555,0.066887594,0.042644453,-0.215186507,-0.513957719,0.240291216,-0.206750201,0.612712182,0.133755416
Xenops rutilans,85,1,1,1,1,10.30,12.97,3.31,71.05,47.22,13.58,24.04,1,2.9,0.6,0.6,C,LC,MontoyaEtAl2018,0.028914635,0.121342137,-1.91445045,0.33773487,0.960525102,-0.132543467,-0.392246118,0.037799197,0.074076025,0.059276103,-0.298624671
Premnornis guttuliger,86,1,1,1,1,14.30,15.93,3.58,63.70,66.07,18.42,12.52,1,3.8,0.8,0.2,C,LC,MontoyaEtAl2018,0.012752063,0.109840601,-1.373593982,0.956942632,0.817339333,0.023869515,-0.20953867,-0.166686185,-0.329067466,0.093561749,-0.021767838
Anabacerthia striaticollis,87,1,1,1,1,21.85,18.32,4.17,83.80,68.73,18.26,20.06,1,3.8,0.8,0.4,C,LC,MontoyaEtAl2018,0.009112771,0.105339727,-0.978735207,0.604576086,0.976874486,-0.070020238,-0.351301703,-0.037688272,-0.033316367,0.177427747,-0.006746467
Syndactyla subalaris,88,1,1,1,1,28.80,20.93,4.70,85.27,78.95,21.12,16.48,3,3.8,0.4,0.8,C,LC,MontoyaEtAl2018,0.018549657,0.099808204,-0.570914548,0.603380149,0.242365513,0.096304288,-0.366223353,0.073512415,-0.091129701,0.190188864,0.121608243
Thripadectes virgaticeps,89,1,1,1,1,65.80,21.60,5.76,98.08,91.77,28.37,13.26,2,3.8,0.8,0.6,C,LC,ClaramuntEtAl,0.031270442,0.120163476,0.111529385,1.087244784,0.575928178,0.324720402,-0.473374169,0.206050071,0.133419299,0.065761393,0.271580955
Premnoplex brunnescens,90,1,1,1,1,16.86,17.40,3.55,60.26,57.91,18.91,12.84,2,3.8,0.8,0.6,C,LC,MontoyaEtAl2018,0.013578071,0.103778438,-1.329723889,0.834436615,0.497342375,0.031804073,-0.056764707,0.012273537,-0.25550155,0.134359377,0.091559004
Margarornis stellatus,91,1,,,,20.25,15.24,4.21,79.86,68.73,21.34,19.73,1,3.8,0.4,0,A,NT,MontoyaEtAl2018,0.009112771,0.107565361,-1.013818659,0.649007481,0.996307632,0.121998794,-0.298713335,-0.020124556,-0.072165284,-0.043885914,-0.051694268
Cranioleuca erythrops,92,1,1,1,1,16.90,15.70,3.08,68.08,74.53,19.12,15.71,2,3.8,0.8,0.8,C,LC,ClaramuntEtAl,0.014186366,0.103816468,-1.215609371,0.656752691,0.585839178,0.223305202,-0.327835943,-0.108890893,-0.341445586,0.128554232,0.087076542
Synallaxis azarae,93,1,1,1,1,14.80,14.64,3.40,55.41,86.95,21.04,12.24,7,3.8,0.8,0.8,C,LC,MontoyaEtAl2018,0.020089953,0.115290225,-1.02823546,0.197300459,-1.166229663,0.660024305,-0.254837015,-0.090523871,-0.579886586,-0.030704799,0.219055931
Synallaxis unirufa,94,1,,,,15.98,15.77,3.48,55.42,85.74,21.07,13.96,2,3.8,0.4,0,A,LC,MontoyaEtAl2018,0.014186366,0.110075921,-1.147292058,0.810643869,0.514661166,0.231482532,-0.440141204,-0.172017879,-0.509126008,-0.076843145,0.186434284
Phyllomyias plumbeiceps,95,1,,,1,9.00,9.45,4.05,61.90,54.03,9.80,17.12,1,3.6,0.4,0.2,C,LC,Medidas ICN,0.016565238,0.125175116,-1.972342609,0.586291555,0.821819442,-0.133821386,-0.20273485,-0.556572033,-0.023312787,0.035932495,-0.260087675
Elaenia flavogaster,96,1,1,1,1,12.00,11.57,4.18,70.02,59.09,16.19,19.35,6,4.6,0.6,0.6,C,LC,MontoyaEtAl2018,0.014746969,0.105167558,-1.220990772,-0.213390144,-0.653680876,0.356619547,0.243565997,-0.319777083,-0.252932341,-0.015082797,-0.07225938
Elaenia chiriquensis,97,1,1,1,1,15.40,12.93,4.40,74.25,66.06,16.43,20.04,7,4.6,0.6,0.4,C,LC,Medidas ICN,0.01820177,0.106693083,-0.973440745,-0.351946727,-0.969820678,0.424872968,0.168170679,-0.284171911,-0.198378429,0.04008788,0.036292493
Elaenia frantzii,98,1,1,1,1,14.93,12.25,3.97,72.19,64.25,16.47,19.35,5,4.6,0.8,0.6,C,LC,MontoyaEtAl2018,0.015138688,0.100535178,-1.1290058,-0.061094731,-0.302767553,0.344904597,0.132366335,-0.332430988,-0.223016986,0.047268975,0.022215415
Elaenia pallatangae,99,1,1,,,16.07,11.87,4.14,70.93,63.29,18.18,24.32,6,4.6,0.2,0,A,LC,MontoyaEtAl2018,0.016065674,0.103808265,-1.026315191,-0.413211807,-0.531987316,0.422644238,0.148998739,-0.185139889,-0.164510353,-0.10370101,0.079934935
Zimmerius chrysops,100,1,1,1,1,10.00,10.20,3.43,52.92,42.22,15.44,13.05,5,3.6,1,1,C,LC,MontoyaEtAl2018,0.017203698,0.113784923,-1.849890213,0.317542931,-0.51766114,0.324192782,0.213780457,-0.101524569,-0.159570303,0.007285192,-0.114602855
Phylloscartes poecilotis,101,1,1,1,1,8.13,11.57,4.06,56.17,47.61,17.51,11.90,1,3.6,0.6,0.6,C,LC,MontoyaEtAl2018,0.023533023,0.119352447,-1.854857599,0.955909343,0.753414014,-0.033866296,0.016419156,-0.210240912,-0.274638441,-0.144335508,-0.335050144
Phylloscartes ophthalmicus,102,1,1,1,1,9.20,11.20,3.83,60.09,55.62,14.17,17.17,2,3.6,0.4,0.4,C,LC,Medidas ICN,0.01640882,0.111013025,-1.797067741,0.507171994,0.518629418,0.005341413,-0.15623589,-0.304343162,-0.180784744,-0.047587791,-0.218019658
Mionectes striaticollis,103,1,1,1,1,12.92,13.50,4.01,64.97,48.49,16.54,14.28,3,4,0.6,0.2,C,LC,MontoyaEtAl2018,0.016114178,0.101406778,-1.492040215,0.536910868,0.195700946,0.089030631,0.154865997,-0.160461935,-0.140834019,0.066613349,-0.112247924
Hemitriccus granadensis,104,1,1,1,1,7.18,13.16,3.55,44.03,40.71,15.40,6.76,2,3.6,0.2,0.2,C,LC,MontoyaEtAl2018,0.017322241,0.125634385,-2.062801011,1.051214801,0.30056861,-0.073262222,0.184383888,-0.198723474,-0.403648745,0.021069747,-0.238041952
Platyrinchus mystaceus,105,1,1,1,1,9.70,11.60,7.63,57.40,31.30,18.20,8.35,5,3,0.6,0.2,C,LC,Medidas ICN-Mahecha,0.020421233,0.1227597,-1.583341474,0.802132853,-0.811765638,-0.099694767,0.281031846,-0.025131666,0.288433879,-0.452729003,-0.521152023
Myiophobus flavicans,106,1,1,1,1,12.33,13.68,4.34,68.79,56.03,16.90,18.98,2,3.6,0.6,0.2,C,LC,MontoyaEtAl2018,0.01640882,0.103018723,-1.476266766,0.488362285,0.567423352,-0.02366246,-0.167130422,-0.113737795,-0.073962977,-0.06259496,-0.194186528
Myiophobus fasciatus,107,1,1,1,1,9.90,13.58,5.00,59.67,53.25,16.03,15.10,8,3.6,0.6,0.2,C,LC,MontoyaEtAl2018,0.02504,0.117881546,-1.399385329,-0.125877364,-1.550661068,0.28007447,0.132179291,-0.04991038,-0.168418707,-0.089499852,-0.165115762
Pyrrhomyias cinnamomeus,108,1,1,1,1,9.81,13.39,5.07,67.25,55.05,12.05,21.64,3,3.6,0.6,0.2,C,LC,MontoyaEtAl2018,0.016383169,0.106623044,-1.595765359,0.165884546,0.207233383,-0.216891016,-0.190503771,-0.301715038,0.011846825,-0.06544579,-0.264684373
Empidonax virescens,109,1,1,1,1,15.00,12.54,4.00,72.00,61.67,16.68,20.30,6,3.7,0.6,0.6,C,LC,Medidas ICN-Mahecha,0.014746969,0.103160645,-1.254375065,-0.144855376,-0.689438522,0.398645582,-0.086281864,-0.056640891,-0.055624374,0.023627387,-0.032318741
Contopus cooperi,110,1,1,1,1,26.00,21.53,8.54,110.10,69.09,15.08,39.28,7,3.5,0.6,0.6,C,NT,Medidas ICN-Mahecha,0.035761236,0.127546199,-0.209600234,-1.052462759,-0.846470859,-0.382287782,-0.48555561,0.161917324,0.684457862,-0.181802259,-0.236323558
Contopus fumigatus,111,1,1,1,1,19.90,18.64,6.93,89.90,72.31,14.87,22.37,3,3.5,0.2,0.2,C,LC,MontoyaEtAl2018,0.031818921,0.102248201,-0.774126262,0.290203104,0.192125652,-0.328608614,-0.47364498,-0.202435518,0.287360809,-0.026780355,-0.208707629
Contopus sordidulus,112,1,1,1,1,13.00,14.06,6.30,78.00,62.00,16.05,24.87,4,3.4,0.6,0.6,C,LC,Medidas ICN-Mahecha,0.017153477,0.102760578,-1.161031778,-0.007940598,-0.078031662,-0.119587152,-0.313489603,-0.121302282,0.190016539,-0.268204673,-0.303962854
Contopus virens,113,1,1,1,1,11.20,17.31,7.57,83.30,58.77,13.87,26.28,4,3.6,0.6,0.6,C,LC,Medidas ICN-Mahecha,0.017153477,0.107000186,-1.039822204,-0.090476673,-0.120864882,-0.491626563,-0.256230833,-0.195698621,0.233486056,-0.261688686,-0.445876624
Pyrocephalus rubinus,114,1,1,1,1,14.40,17.32,5.56,78.51,54.85,15.90,18.09,7,3.2,0.6,0.4,C,LC,MontoyaEtAl2018,0.026109543,0.109469678,-1.121855209,-0.066371059,-1.188447316,0.085601894,-0.111749964,0.131936933,0.115581153,0.06632633,-0.218569277
Knipolegus poecilurus,115,1,1,1,1,14.60,15.50,3.90,77.62,54.10,23.50,21.72,6,3.6,0.4,0.2,C,LC,MontoyaEtAl2018,0.01864855,0.104050737,-1.065108335,-0.128153537,-0.622653258,0.438706318,0.022410089,0.400464046,-0.169030541,-0.099934979,-0.153852905
Legatus leucophaius,116,1,1,,,21.00,11.90,6.68,77.00,56.30,14.73,22.58,5,3.6,1,0,A,LC,Medidas ICN-Mahecha,0.026827833,0.102699781,-1.050845188,-0.01992295,-0.418766581,0.045017643,-0.097170109,-0.212138217,0.485078046,-0.199076456,-0.095730746
Myiozetetes cayanensis,117,1,1,1,1,30.13,13.60,5.50,84.00,73.00,22.28,16.45,7,3.6,0.6,1,C,LC,Medidas ICN-Mahecha,0.022078615,0.108513825,-0.577020371,0.094915596,-1.07782297,0.640842468,-0.141072483,0.074107221,0.184872179,-0.082493045,0.073038853
Myiodynastes chrysocephalus,118,1,1,1,1,38.30,23.23,11.75,103.48,80.98,18.43,22.46,3,3.6,0.8,0.8,C,LC,MontoyaEtAl2018,0.040461183,0.115992326,0.187566908,0.555557486,0.04758386,-0.777854216,-0.52501477,-0.244686396,0.805793648,-0.431691735,-0.269728888
Tyrannus melancholicus,119,1,1,1,1,37.40,25.83,9.22,121.93,99.84,17.57,23.50,9,4.2,0.6,0.6,C,LC,MontoyaEtAl2018,0.040734806,0.137558067,0.581936192,-0.512690324,-1.758603767,-0.095498786,-0.460489522,-0.162634601,0.311962231,0.123991896,-0.107597049
Myiarchus apicalis,120,1,,,,29.20,21.69,7.85,89.51,88.04,19.77,15.29,4,5.1,0.8,0,A,LC,Medidas ICN,0.014813908,0.107535943,0.02731225,0.489040588,-0.152003907,-0.196275598,-0.039676859,-0.481360893,-0.078945914,-0.049296088,0.064499003
Attila spadiceus,121,1,1,1,1,37.00,21.09,7.23,83.00,74.00,27.72,13.48,8,3.2,0.4,0.6,C,LC,Medidas ICN-Mahecha,0.019508333,0.124475899,-0.106183847,0.337935322,-1.567862492,0.404032039,-0.181955997,0.497919416,0.191548395,-0.223878213,0.073925037
Pipreola riefferii,122,1,1,1,1,51.04,16.73,5.59,89.26,69.87,21.92,17.05,1,4.6,1,1,C,LC,MontoyaEtAl2018,0.021692028,0.111211595,-0.365978242,0.827588724,1.017116044,0.124022483,-0.019559962,-0.175289375,0.275258514,0.069506326,0.262609513
Pipreola aureopectus,123,1,,,,46.00,13.97,7.07,83.16,57.72,20.63,18.73,2,4.6,0.2,0,A,LC,Medidas ICN-Mahecha,0.025387037,0.105062704,-0.465697866,0.633123071,0.651067481,0.029053567,0.18886697,-0.247093178,0.528322771,-0.188071236,0.170507463
Ampelioides tschudii,124,1,1,1,1,78.40,20.53,8.87,102.72,63.49,22.99,21.40,2,4.6,0.4,0.6,C,LC,AMNH,0.032178764,0.116093644,0.228642583,0.633868622,0.664139127,-0.243370716,0.069667034,-0.04076335,0.778852897,-0.151664449,0.17544284
Ampelion rufaxilla,125,1,,,,73.90,18.97,7.45,117.95,76.50,22.16,28.47,1,4.6,0.4,0,A,LC,AMNH,0.02932294,0.123639948,0.21784491,0.310860026,1.207418196,-0.090039541,-0.25621665,-0.099970714,0.688677291,-0.02767379,0.117959939
Rupicola peruvianus,126,1,,,,222.00,25.71,10.72,196.36,118.11,33.76,9.21,3,4.6,0.6,0,A,LC,MontoyaEtAl2018,0.063303957,0.170893056,2.117282628,1.251428762,0.268590867,0.474261328,-0.514427467,-0.067676821,0.870612104,0.331352226,-0.347191789
Pyroderus scutatus,127,1,,,,357.00,41.51,15.95,251.00,130.96,38.57,12.69,3,4.6,1,0,A,LC,MontoyaEtAl2018,0.063303957,0.217803162,3.623839437,1.336218804,0.168804417,-0.385969177,-0.774702003,0.253365115,1.232236437,0.322676165,-0.851746081
Chloropipo flavicapilla,128,1,1,1,1,20.00,8.34,4.85,71.50,45.33,16.49,15.48,1,4.4,0.6,0.2,C,VU,Medidas ICN-Mahecha,0.019296048,0.11023423,-1.382601717,0.739996906,0.944193024,0.147390885,0.275428334,-0.432848904,0.236518065,-0.071802757,-0.068329366
Masius chrysopterus,129,1,1,1,1,12.30,11.03,3.10,59.19,37.15,15.85,12.55,2,4.4,0.4,0.6,C,LC,MontoyaEtAl2018,0.016461206,0.113086437,-1.747004688,0.667902688,0.570060547,0.150031306,0.431784344,-0.254274926,-0.187688793,0.132422571,-0.066217111
Pachyramphus versicolor,130,1,1,1,1,13.60,12.86,5.22,62.82,47.45,16.10,17.70,2,4.6,1,0.6,C,LC,MontoyaEtAl2018,0.015326719,0.104211609,-1.346063094,0.484101919,0.586754226,-0.13692056,0.293921395,-0.373666477,-0.05329636,-0.135536299,-0.090163809
Pachyramphus polychopterus,131,1,1,1,1,20.80,16.52,6.38,73.46,54.50,17.02,18.45,8,4.6,0.8,0.6,C,LC,MontoyaEtAl2018,0.0200803,0.110794654,-0.686940501,-0.286049202,-1.409190488,0.15968844,0.395216942,-0.136183316,0.089126108,-0.037645688,0.069911825
Cyclarhis nigrirostris,132,1,1,1,1,31.90,19.63,5.78,75.61,61.85,22.01,14.92,2,5.2,0.6,0.8,C,LC,MontoyaEtAl2018,0.025989484,0.104426955,-0.444154494,0.739215172,0.624827054,-0.087609908,0.334530091,-0.194937143,-0.084808702,0.013518875,0.226032665
Pachysylvia semibrunnea,133,1,1,1,1,11.33,14.31,3.88,62.00,53.33,19.15,7.88,3,5.2,0.4,0.2,C,LC,Medidas ICN-Mahecha,0.023125632,0.109612982,-1.246276729,0.758456986,0.177897161,0.167619418,0.553428098,-0.417879605,-0.579298113,0.086770204,-0.070789773
Vireo leucophrys,134,1,1,1,1,26.00,14.43,3.75,65.30,46.17,17.77,18.23,4,4.2,0.6,0.6,C,LC,MontoyaEtAl2018,0.020685024,0.097681739,-1.182736586,0.250228038,0.011413248,0.251906477,0.259451302,0.036653581,0.103489023,0.142918953,0.263771067
Pygochelidon cyanoleuca,135,1,1,1,1,8.00,8.48,4.60,96.37,47.28,9.95,49.56,5,4.1,0.6,0.6,C,LC,MontoyaEtAl2018,0.027019956,0.138242736,-1.513036223,-1.715508797,0.187587855,-0.070952981,-0.184633409,-0.178483051,0.307705186,-0.258894432,-0.489600671
Troglodytes aedon,136,1,1,1,1,13.80,16.55,3.31,53.91,39.78,20.10,14.51,11,3.6,0.6,0.8,C,LC,MontoyaEtAl2018,0.040240171,0.139262118,-1.303729147,-0.470281503,-2.451784582,0.652274156,0.464433711,0.512847039,-0.263938168,0.11565951,0.135750485
Pheugopedius mystacalis,137,1,1,,1,28.15,20.39,5.32,65.55,58.76,26.44,4.13,3,3.9,0.8,0.6,C,LC,Medidas ICN-Mahecha,0.023671558,0.111756017,-0.694552294,1.334406549,0.009568761,0.162637861,0.170261593,0.231912773,-0.165445051,-0.004014271,0.126542415
Henicorhina leucophrys,138,1,1,1,1,14.90,16.75,3.20,54.38,29.28,23.68,7.85,1,3.6,1,1,C,LC,MontoyaEtAl2018,0.018017417,0.124592678,-1.625521032,1.278473065,0.772154106,0.060166866,0.365918585,0.38545907,-0.223052987,0.043674773,-0.071347554
Cyphorhinus thoracicus,139,1,1,1,1,26.00,23.60,3.72,63.00,45.51,28.32,1.97,1,3.8,1,0.8,C,LC,MontoyaEtAl2018,0.027922637,0.127974226,-0.938629349,1.698438667,0.686419446,0.051339869,0.274382351,0.532383765,-0.347441702,0.204478664,0.124522953
Ramphocaenus melanurus,140,1,1,,1,10.70,24.80,2.98,49.70,40.90,21.10,4.15,3,3.2,0.2,0.2,C,LC,Medidas ICN-Mahecha,0.031795214,0.123438305,-1.584398646,1.213350185,-0.080746657,-0.18921393,0.113853398,0.513290284,-0.586464342,0.322728077,-0.061886025
Myadestes ralloides,141,1,1,1,1,27.64,15.03,4.72,82.89,71.51,19.67,18.94,3,4.5,1,1,C,LC,MontoyaEtAl2018,0.018549657,0.097616301,-0.695395884,0.359859889,0.366636561,0.247349474,-0.047962105,-0.222885989,-0.003142345,0.057991455,0.133786028
Catharus ustulatus,142,1,1,1,1,19.25,16.38,4.74,96.42,63.55,27.17,31.43,12,4.3,1,1,C,LC,Medidas ICN-Mahecha,0.054623299,0.148567439,-0.255341777,-1.443915869,-2.340710807,0.893544788,0.239528525,0.599511732,-0.152297143,-0.214849858,-0.071133587
Turdus leucops,143,1,1,1,1,64.71,22.05,7.08,112.50,74.88,26.52,24.15,1,6.1,0.4,0.8,C,LC,MontoyaEtAl2018,0.01670406,0.129427506,0.530812154,0.421387691,1.262013278,-0.091220672,0.312373144,-0.19686074,0.150904269,-0.016146628,0.214679776
Turdus obsoletus,144,1,,,,74.80,22.04,6.61,117.44,78.03,26.65,26.47,2,6.1,0.4,0,A,LC,Medidas ICN,0.01670406,0.126018282,0.63538537,0.154905302,1.011191742,0.067369556,0.2733512,-0.123894011,0.173021746,0.062866181,0.29072122
Turdus ignobilis,145,1,1,1,1,66.70,23.52,7.10,117.14,87.79,32.67,18.69,10,7.5,0.6,0.6,C,LC,MontoyaEtAl2018,0.066627823,0.163788384,1.398387688,-0.604864838,-1.666003315,0.761965412,0.998907814,-0.128341169,-0.407396253,0.028196952,0.40345587
Turdus serranus,146,1,1,1,1,78.66,25.78,5.98,118.98,100.07,32.39,16.10,1,7.7,0.8,0.4,C,LC,MontoyaEtAl2018,0.049654194,0.152137538,1.229059475,0.716511454,1.316883984,0.217679084,0.567854829,-0.439402501,-0.564651475,0.199160112,0.446602563
Chlorophanes spiza,147,1,1,1,1,19.57,14.98,4.79,69.71,50.55,21.05,15.90,4,3.7,0.6,0.6,C,LC,Medidas ICN-Mahecha,0.019216467,0.097062678,-1.118863988,0.470632504,-0.109502261,0.21236223,0.093804733,0.144360124,0.047765496,-0.073191986,-0.029130641
Diglossa albilatera,148,1,1,1,1,10.67,12.74,2.86,57.69,48.49,19.28,18.78,5,3.7,0.8,0.6,C,LC,MontoyaEtAl2018,0.015018337,0.106349831,-1.611408898,0.054046441,-0.357836031,0.37404324,0.108222608,0.151628898,-0.315706788,-0.044448858,-0.059038643
Diglossa sittoides,149,1,1,1,1,8.50,12.08,2.93,53.62,49.54,18.65,18.13,6,3.7,0.8,0.4,C,LC,MontoyaEtAl2018,0.015018337,0.112623555,-1.692259242,-0.069650648,-0.725513172,0.410059709,0.133491772,0.098885771,-0.414175816,-0.092782764,-0.110188721
Diglossa cyanea,150,1,1,1,1,16.67,17.33,3.46,71.85,58.46,21.44,16.66,3,3.7,0.6,0.6,C,LC,MontoyaEtAl2018,0.018022475,0.098586076,-1.172826977,0.518256653,0.271853486,0.192349193,-0.087242346,0.203653594,-0.241130977,0.088366967,-0.024619382
Volatinia jacarina,151,1,1,1,1,9.74,10.46,4.74,46.94,43.66,18.42,7.68,7,3.8,0.6,0.6,C,LC,Medidas ICN-Mahecha,0.014179914,0.122748517,-1.605097765,0.39139826,-1.313898596,0.421952773,0.428795224,-0.11387223,-0.235575462,-0.189393131,-0.131062588
Creurgops verticalis,152,1,,,1,24.00,16.44,6.59,76.94,61.97,19.59,18.49,1,3.7,0.8,0.2,C,LC,AMNH,0.016627151,0.108289722,-0.875794049,0.814885159,0.851395666,-0.230331147,-0.220576948,-0.109851632,0.275359362,-0.20863153,-0.084917017
Tachyphonus rufus,153,1,1,1,1,34.40,20.90,7.18,83.90,81.50,23.80,13.63,7,3.5,0.6,0.6,C,LC,Medidas ICN-Mahecha,0.019047625,0.1147283,-0.156463228,0.377956991,-1.241197469,0.252801984,-0.274091401,0.180098222,0.139131975,-0.110567314,0.094302394
Ramphocelus flammigerus,154,1,1,1,1,33.00,19.34,7.90,92.39,79.09,21.79,15.92,5,3.7,0.6,0.6,C,LC,Medidas ICN,0.024333254,0.105271668,-0.188942147,0.488019286,-0.542048532,0.035905419,-0.287777608,-0.044475507,0.303152776,-0.157828849,-0.063650971
Tersina viridis,155,1,,,,29.00,12.80,7.20,79.40,50.10,15.50,23.18,2,3.7,1,0,A,LC,Medidas ICN-Mahecha,0.024819369,0.107730825,-0.984210036,0.405061699,0.597309088,-0.215995815,-0.080767794,-0.21103281,0.699576389,-0.227520518,-0.053707497
Sporophila intermedia,156,1,1,1,1,12.10,11.09,7.40,57.14,48.67,16.00,14.06,4,4.8,0.6,0.6,C,LC,Medidas ICN,0.027559064,0.106881856,-1.178282159,0.447616024,-0.229297831,-0.156142649,0.477448698,-0.599776474,0.031202572,-0.418511029,-0.184466218
Saltator atripennis,157,1,1,1,1,55.00,22.96,9.74,94.99,84.46,23.96,10.63,3,4.1,0.8,0.8,C,LC,MontoyaEtAl2018,0.030363568,0.118201306,0.302672857,1.14061553,-0.001524337,-0.257871634,-0.231906837,-0.171398843,0.442596455,-0.208727233,0.049010123
Saltator striatipectus,158,1,1,1,1,39.33,20.79,9.58,92.39,75.29,23.91,14.47,7,4.1,1,0.2,C,LC,MontoyaEtAl2018,0.019047625,0.117300182,0.194737782,0.355258937,-1.251712614,0.016217358,0.008473895,-0.014802133,0.396079102,-0.31365007,-0.037077442
Sphenopsis frontalis,159,1,,,1,15.79,15.38,4.37,68.81,62.74,19.85,9.88,1,3.7,0.2,0.2,C,LC,Medidas ICN-Mahecha,0.012752063,0.113250493,-1.270100286,1.142639764,0.756227289,0.047100661,-0.143095748,-0.145116759,-0.192258477,0.03174096,-0.11938307
Coereba flaveola,160,1,1,1,1,9.00,13.25,3.87,53.01,32.62,18.00,10.38,5,3.4,0.6,0.8,C,LC,Medidas ICN-Mahecha,0.017203698,0.117072028,-1.826553161,0.522510118,-0.60197184,0.185450214,0.33035097,0.147296007,-0.195070885,-0.021268501,-0.243424814
Tiaris olivaceus,161,1,1,1,1,8.50,10.66,4.03,52.57,41.03,17.07,9.85,7,3.4,0.6,0.8,C,LC,MontoyaEtAl2018,0.014179914,0.124375337,-1.784235442,0.256923063,-1.281488893,0.426434215,0.291353888,0.003957387,-0.213400756,-0.069387813,-0.23217351
Chlorochrysa nitidissima,162,1,1,1,1,16.87,12.83,3.96,66.97,41.03,19.33,22.53,1,3.7,0.8,0.4,C,VU,MontoyaEtAl2018,0.016286822,0.109430579,-1.501727475,0.474593223,1.035126181,0.008143094,0.038394415,0.118504862,0.122629783,-0.12574839,-0.072004331
Iridosornis porphyrocephalus,163,1,1,1,1,22.26,14.20,5.44,73.71,58.85,21.96,14.27,1,3.7,0.8,0.2,C,NT,MontoyaEtAl2018,0.006644269,0.106623752,-1.03637264,1.002219075,0.844029599,0.060374699,-0.099563136,-0.047026704,0.118753642,-0.172101979,-0.087679917
Pipraeidea melanonota,164,1,1,1,1,18.00,14.10,5.11,85.87,54.63,18.50,27.50,8,3.7,0.6,0.6,C,LC,MontoyaEtAl2018,0.02318654,0.114058805,-0.905792739,-0.725162639,-1.220641057,0.392638573,0.016740362,0.212920012,0.199257895,-0.083786855,-0.115833152
Anisognathus somptuosus,165,1,1,1,1,47.00,20.19,6.41,93.28,68.31,23.78,21.02,1,3.7,1,1,C,LC,MontoyaEtAl2018,0.021692028,0.112684333,-0.332546567,0.777249885,0.978309494,-0.099523535,-0.322378664,0.202571009,0.413699398,-0.067772898,0.093228524
Tangara ruficervix,166,1,1,1,1,19.00,6.80,5.05,72.50,52.50,20.10,19.73,3,4.9,1,0.6,C,LC,Medidas ICN-Mahecha,0.01360702,0.102239645,-1.09670843,0.240372561,0.421985769,0.414323658,0.396462222,-0.414734599,0.080612799,-0.303657111,-0.041752699
Tangara heinei,167,1,1,1,1,20.00,13.30,5.08,68.89,44.77,17.62,18.80,2,4.9,0.8,0.8,C,LC,Medidas ICN-Mahecha,0.01026024,0.102358837,-1.116535469,0.432852024,0.681026342,-0.038892557,0.427765296,-0.293769275,0.059641043,-0.064329725,0.044061064
Tangara vitriolina,168,1,1,1,1,23.00,13.75,5.86,74.86,53.82,17.18,22.00,7,4.9,0.6,0.6,C,LC,Medidas ICN,0.0200803,0.106655469,-0.725709345,-0.384094173,-0.939510624,0.254914933,0.436837983,-0.221995429,0.13509532,-0.080519367,0.130046712
Tangara cyanicollis,169,1,1,1,1,17.00,12.78,4.45,64.61,41.99,15.76,22.07,8,4.9,0.6,0.6,C,LC,MontoyaEtAl2018,0.017105722,0.115986801,-1.114785318,-0.609633385,-1.240266365,0.359564218,0.627988423,-0.119826485,-0.026414009,0.021991663,0.157236175
Tangara nigroviridis,170,1,1,1,1,15.70,11.37,4.55,72.66,48.05,17.90,21.61,1,4.9,0.8,0.8,C,LC,MontoyaEtAl2018,0.019569589,0.1091558,-1.248401142,0.374782413,1.090985573,-0.000982532,0.315480849,-0.353278497,-0.040726138,-0.124624248,-0.088316231
Tangara labradorides,171,1,1,1,1,24.00,13.52,5.23,69.38,44.20,17.80,23.23,3,4.9,1,0.8,C,LC,MontoyaEtAl2018,0.011589871,0.100309282,-0.995212061,0.096840697,0.437823055,0.003033911,0.426707036,-0.188180757,0.178826461,-0.109047782,0.150086593
Tangara gyrola,172,1,1,1,1,21.00,15.09,4.99,75.69,46.40,15.33,20.06,4,4.9,0.8,0.2,C,LC,MontoyaEtAl2018,0.019216028,0.098819112,-1.001236328,0.061873209,0.035209716,0.001195608,0.424706982,-0.261678369,0.086162729,0.124321418,0.072782746
Tangara xanthocephala,173,1,1,1,1,19.00,13.17,4.44,70.22,43.15,19.09,21.04,3,4.9,0.6,0.6,C,LC,MontoyaEtAl2018,0.011589871,0.099618298,-1.114324544,0.168602743,0.431345286,0.11942084,0.471144431,-0.139084366,-0.018769218,-0.060468964,0.049629177
Tangara arthus,174,1,1,1,1,20.92,13.62,6.35,77.40,44.44,17.71,21.50,2,4.9,1,1,C,LC,MontoyaEtAl2018,0.01026024,0.10344736,-0.930929548,0.333534291,0.693418503,-0.177013164,0.404440185,-0.315468895,0.238695427,-0.184052204,-0.081942505
Thraupis episcopus,175,1,1,1,1,35.00,16.61,6.19,82.29,58.34,19.06,13.12,6,4,0.6,1,C,LC,MontoyaEtAl2018,0.019839166,0.103771667,-0.586268885,0.367943004,-0.830537459,0.266312426,0.158764841,-0.023381922,0.327519866,0.101871377,0.124293597
Chlorospingus canigularis,176,1,1,1,1,20.78,14.67,5.12,68.39,60.85,23.27,13.98,3,3.7,0.6,0.6,C,LC,MontoyaEtAl2018,0.018022475,0.099100777,-0.990873547,0.75499754,0.182336165,0.235240118,-0.042129884,0.069428222,-0.023777047,-0.194710409,-0.016400501
Arremon brunneinucha,177,1,1,1,1,45.81,19.69,5.81,84.05,81.70,29.94,7.82,3,3.8,1,0.8,C,LC,MontoyaEtAl2018,0.022566339,0.116283877,-0.143797688,1.230898123,0.123738241,0.425066078,-0.199665045,0.230495918,-0.02865378,-0.088040133,0.180042737
Zonotrichia capensis,178,1,1,1,1,21.08,13.64,5.54,63.44,57.23,22.41,23.38,9,4.3,0.6,0.8,C,LC,MontoyaEtAl2018,0.030984023,0.118331675,-0.726023317,-0.593080401,-1.602265034,0.533126556,0.313246704,0.16852543,0.005108272,-0.339609538,0.188987022
Atlapetes albinucha,179,1,1,1,1,32.00,18.08,6.52,72.55,76.57,25.78,10.49,3,3.8,1,0.8,C,LC,MontoyaEtAl2018,0.012926635,0.10677618,-0.446089677,1.054980991,0.084437638,0.168674257,-0.179596525,0.027326548,0.018800055,-0.240326754,0.111799415
Piranga flava,180,1,1,1,1,32.30,20.73,8.90,91.20,79.20,17.26,18.75,6,4.1,0.6,0.2,C,LC,Medidas ICN-Mahecha,0.023611395,0.108376413,-0.09628411,0.154143324,-0.873707964,-0.219081391,-0.204207489,-0.264728235,0.387162088,-0.125215205,-0.010651035
Piranga rubra,181,1,1,1,1,28.20,19.78,8.49,92.38,64.32,17.18,27.63,6,3.8,0.6,0.6,C,LC,Medidas ICN-Mahecha,0.023611395,0.109184913,-0.332625446,-0.301478301,-0.706095399,-0.279763672,-0.183453349,0.011166713,0.551154689,-0.226204944,-0.099369423
Habia cristata,182,1,,,,37.30,22.89,7.86,89.32,74.91,24.28,14.39,2,4.2,0.6,0,A,LC,MontoyaEtAl2018,0.030012255,0.109350677,-0.081637632,0.984027749,0.465270606,-0.264701465,-0.151245825,-0.012902329,0.171079457,-0.144774395,0.008573548
Pheucticus ludovicianus,183,1,1,1,1,43.25,19.12,9.07,102.46,67.75,22.71,26.68,8,4.7,0.6,0.4,C,LC,Medidas ICN-Mahecha,0.038174751,0.123906999,0.28786497,-0.517751857,-1.253606567,0.096255773,0.192813749,0.028830966,0.529314184,-0.316239007,0.019359875
Mniotilta varia,184,1,1,1,1,10.90,13.20,4.00,68.87,45.93,17.73,19.85,8,4.6,0.6,0.6,C,LC,Medidas ICN-Mahecha,0.01927102,0.115492031,-1.228473549,-0.503769203,-1.295420192,0.421161176,0.505274833,-0.034351843,-0.289454751,0.004950332,-0.103057387
Geothlypis philadelphia,185,1,1,1,1,10.00,14.48,3.90,61.67,44.51,19.99,14.50,3,3.5,0.6,0.4,C,LC,Medidas ICN-Mahecha,0.01441628,0.105504643,-1.607180123,0.605251221,0.1637331,0.086508659,0.079844689,0.134219109,-0.244154929,-0.084141112,-0.259549647
Setophaga ruticilla,186,1,1,1,1,8.13,11.63,4.70,61.30,50.63,17.50,15.38,10,4.4,0.6,0.4,C,LC,Medidas ICN-Mahecha,0.029858056,0.132638714,-1.292098719,-0.523142673,-2.113315393,0.538279724,0.508269665,-0.140653275,-0.389237381,-0.132243717,-0.198907238
Setophaga pitiayumi,187,1,1,1,1,7.65,12.07,4.24,55.35,38.50,16.33,18.70,4,3,0.6,0.8,C,LC,MontoyaEtAl2018,0.022486921,0.114390816,-1.939507845,0.254113405,-0.179224568,0.012566534,-0.021263784,0.11995241,-0.069200045,-0.199853724,-0.348957618
Setophaga fusca,188,1,1,1,1,9.38,12.65,3.45,67.19,45.37,17.09,21.70,3,3.6,1,1,C,LC,Medidas ICN-Mahecha,0.016383169,0.106317903,-1.703065083,0.153631262,0.321772968,0.085433022,-0.0089738,0.042746218,-0.164627243,-0.054187296,-0.270815895
Myiothlypis coronata,189,1,1,1,1,16.73,14.19,4.32,69.88,59.98,22.75,13.40,1,3.9,1,0.6,C,LC,MontoyaEtAl2018,0.012995434,0.108137267,-1.179160082,0.97502618,0.874261237,0.153758017,-0.044917703,-0.039571722,-0.184330369,-0.119665592,-0.10954076
Basileuterus tristriatus,190,1,1,1,1,12.50,12.83,4.21,59.86,56.97,20.39,12.85,2,3.9,1,1,C,LC,MontoyaEtAl2018,0.013578071,0.105847779,-1.423712428,0.820215673,0.496291239,0.148084292,0.027053829,-0.139460879,-0.266448049,-0.152249693,-0.121977301
Cardellina canadensis,191,1,1,1,1,9.17,13.12,4.34,65.01,52.29,18.48,16.35,4,3.7,1,0.6,C,LC,Medidas ICN-Mahecha,0.015179889,0.102856864,-1.512941969,0.333528713,-0.141936,0.137320964,0.036471211,-0.054622209,-0.256005181,-0.133756354,-0.294355572
Myioborus miniatus,192,1,1,1,1,9.15,12.51,4.10,64.35,59.43,17.55,15.51,3,3.5,1,1,C,LC,MontoyaEtAl2018,0.01441628,0.105361895,-1.591060415,0.514503243,0.158092256,0.124153374,-0.163438822,-0.150366687,-0.269920826,-0.10620416,-0.284613857
Psarocolius angustifrons,193,1,,,,171.00,57.97,13.09,246.00,204.00,39.27,21.50,3,4.6,1,0,A,LC,MontoyaEtAl2018,0.074406124,0.233585525,4.095605998,0.837801094,0.266627479,-0.745766735,-2.039441013,0.35541733,-0.211155326,0.648720647,-0.587672805
Icterus chrysater,194,1,,,1,53.40,23.22,5.93,98.42,92.47,25.94,18.95,5,5.1,1,0.2,C,LC,MontoyaEtAl2018,0.031965043,0.115926905,0.383224749,0.215290725,-0.249157497,0.294565924,-0.066406214,-0.004663827,-0.127645721,0.109589574,0.367589104
Molothrus bonariensis,195,1,1,1,1,44.90,21.28,6.68,129.74,99.63,25.86,22.86,7,4.6,0.6,0.6,C,LC,MontoyaEtAl2018,0.040012343,0.125316746,0.591497036,-0.262805432,-0.857228991,0.51626178,-0.311268707,0.031947795,0.062238913,0.115646757,-0.068245952
Spinus xanthogastrus,196,1,1,1,1,10.00,11.85,4.95,64.16,42.15,12.10,36.64,4,4.2,0.8,0.2,C,LC,MontoyaEtAl2018,0.038088203,0.117414999,-1.577545292,-0.797231118,0.222865087,-0.251611242,0.06375462,-0.15563901,0.139888436,-0.29597082,-0.137873824
Spinus psaltria,197,1,1,1,1,13.00,12.10,1.60,74.00,44.00,13.60,68.92,4,4.5,0.6,0.6,C,LC,MontoyaEtAl2018,0.034974319,0.151231843,-1.521091113,-2.557943329,1.033970479,-0.063296828,-0.242212345,0.415626419,0.13863936,-0.317622821,0.235094233
Euphonia cyanocephala,198,1,1,1,1,14.00,7.60,5.88,63.05,35.00,15.78,25.34,4,3.5,0.2,0.4,C,LC,MontoyaEtAl2018,0.017688762,0.1099923,-1.607334747,-0.061739105,-0.013075842,0.066852475,0.145440663,-0.080260363,0.468566146,-0.427075917,-0.211623528
Euphonia xanthogaster,199,1,1,1,1,13.00,11.29,3.99,57.05,31.63,14.59,15.64,4,3.5,0.8,1,C,LC,MontoyaEtAl2018,0.011971861,0.110349497,-1.820871702,0.361207783,-0.153699059,0.117582972,0.261677877,-0.00192009,0.135849107,0.030542492,-0.096727418
Chlorophonia cyanea,200,1,1,1,1,14.00,9.20,5.28,59.60,32.80,16.14,16.40,4,3.7,0.2,0.6,C,LC,Medidas ICN-Mahecha,0.011971861,0.106949649,-1.636948831,0.362207367,-0.148353626,0.128089354,0.333466564,-0.115134626,0.272036055,-0.208709716,-0.165844541
Chlorophonia pyrrhophrys,201,1,1,1,1,15.00,11.31,4.64,67.38,40.08,15.84,17.65,1,3.7,0.4,0.4,C,LC,MontoyaEtAl2018,0.016286822,0.110978509,-1.622413072,0.683937132,0.894142506,-0.070236952,0.082673624,-0.158686466,0.204162589,-0.063612341,-0.179319416
Atlapetes latinuchus,202,,,,1,27.10,14.70,5.60,73.10,82.50,26.00,8.73,3,3.8,0,0.6,B,LC,Medidas ICN-Mahecha,0.012926635,0.111215698,-0.597355676,1.082421171,0.100198054,0.435033178,-0.23520313,-0.09461332,-0.125722657,-0.223935901,0.06196639
Basileuterus culicivorus,203,,,,1,10.00,13.40,4.60,56.00,53.60,19.50,9.33,4,3.9,0,0.6,B,LC,Medidas ICN-Mahecha,0.016633747,0.109254843,-1.461760569,0.716670414,-0.274571917,0.171960592,0.177360894,-0.151001861,-0.350596622,-0.136587246,-0.191695793
Bubulcus ibis,204,,,1,1,220.00,59.35,9.18,225.75,85.43,69.78,76.40,6,8.1,0,0.6,B,LC,Medidas ICN-Mahecha,0.083152445,0.303254285,4.472999368,-2.448267504,1.011315855,-0.301231558,0.559075136,2.778578503,-0.432250146,-0.547150426,-0.069134174
Chlorospingus semifuscus,205,,,1,1,23.00,15.09,5.05,71.25,55.49,23.67,14.12,1,3.7,0,0.8,B,LC,MontoyaEtAl2018,0.006644269,0.108978599,-1.036131959,1.027226068,0.864472792,0.095821316,-0.037262829,0.096831787,0.060785972,-0.167332904,-0.042525062
Colibri coruscans,206,,,,1,6.40,26.40,2.35,70.30,45.20,5.00,48.03,7,4.2,0,0.6,B,LC,Medidas ICN-Mahecha,0.03085888,0.15399107,-1.596457269,-1.955623925,-0.593285333,-0.727803991,-0.176892867,0.301245643,-0.39531993,0.447785558,0.009004875
Colibri delphinae,207,,,1,1,6.00,20.70,2.53,69.50,41.90,4.90,44.60,4,4.2,0,0.6,B,LC,Medidas ICN-Mahecha,0.011064017,0.141891178,-1.871490406,-1.397082371,0.356308486,-0.710405284,-0.168544022,0.014255063,-0.268265065,0.301268555,-0.138442041
Crotophaga ani,208,,1,,1,120.71,32.90,11.80,152.45,184.73,36.10,27.51,7,4.2,0,0.6,B,LC,Medidas ICN,0.066957819,0.194922271,2.578153786,-0.009449048,-0.980566912,0.218914195,-1.648943916,-0.01346964,0.046583308,-0.468597655,0.142151743
Cyanocorax yncas,209,,,,1,103.00,28.70,10.00,125.30,155.80,38.50,11.60,6,6.1,0,0.6,B,LC,Medidas ICN-Mahecha,0.072482831,0.178795989,2.21341758,0.701388365,-0.710985033,0.494732292,-0.439814344,-0.343169114,-0.458539365,-0.339924394,0.36887669
Drymophila striaticeps,210,,,,1,12.70,15.60,4.40,52.40,75.60,19.30,4.00,3,4.8,0,0.6,B,LC,Medidas ICN-Mahecha,0.023125632,0.116472293,-1.105172288,1.062426299,0.017652021,0.159485812,0.156033767,-0.538134126,-0.675879397,0.012638655,0.086452936
Florisuga mellivora,211,,1,,1,6.50,24.00,2.53,65.60,36.60,3.50,46.53,4,4.2,0,0.8,B,LC,Medidas ICN-Mahecha,0.011064017,0.14475529,-1.870599799,-1.483427668,0.364409956,-0.929881587,-0.140303408,0.130076694,-0.234740518,0.393023631,-0.031185047
Lophotriccus pileatus,212,,,,1,8.30,10.20,4.33,48.50,39.90,16.10,6.20,3,3.6,0,0.6,B,LC,Medidas ICN-Mahecha,0.017322241,0.123275221,-1.946877739,0.970648666,-0.035448395,0.10567637,0.265140226,-0.261162348,-0.209858083,-0.095330306,-0.279234984
Myiarchus cephalotes,213,,,1,1,25.90,19.70,7.78,85.90,91.30,20.80,15.45,3,5.1,0,0.6,B,LC,Medidas ICN-Mahecha,0.014813908,0.10833395,-0.064761161,0.617477255,0.187477789,-0.167458668,-0.103501519,-0.560067619,-0.143343718,-0.18723934,0.023297517
Pionus chalcopterus,214,,,,1,210.00,30.68,13.73,187.00,88.00,12.80,56.20,4,6.7,0,0.6,B,LC,Medidas ICN-Mahecha,0.03147485,0.201353969,2.13525315,-1.595698892,0.678323398,-1.142536585,-0.114177689,-0.543602214,1.632222344,0.119070595,0.06216192
Pionus menstruus,215,,,,1,251.00,27.50,13.33,191.50,89.10,24.30,55.50,5,6.7,0,0.6,B,LC,Medidas ICN-Mahecha,0.03147485,0.200685857,2.45336044,-1.576550057,0.467703907,-0.521995618,0.040763241,-0.140663139,1.511274231,-0.22703565,0.021648731
Pitangus sulphuratus,216,,,1,1,48.40,23.20,10.05,101.70,77.80,25.10,19.83,9,3.6,0,0.6,B,LC,Medidas ICN-Mahecha,0.036514347,0.134426614,0.454148042,-0.092040848,-1.85299414,0.067844891,-0.174407688,0.302199282,0.580596825,-0.329046707,-0.030426716
Rupornis magnirostris,217,,1,,1,279.50,28.58,11.03,235.80,171.00,57.28,19.48,7,9.7,0,0.8,B,LC,MontoyaEtAl2018,0.073460524,0.265595934,4.589305864,-0.084140133,-0.261458713,1.453524125,0.540568717,-0.399408935,-0.600779601,-0.213626558,-0.164667484
Spinus spinescens,218,,,1,1,14.62,11.78,4.86,67.98,45.52,15.38,26.04,8,4.2,0,0.2,B,LC,MontoyaEtAl2018,0.017105722,0.115323825,-1.223398524,-0.747659723,-1.243301804,0.320207649,0.312260316,-0.028587499,0.110007929,-0.11791174,-0.000204899
Spizaetus ornatus,219,,,1,1,1200.00,41.25,14.25,361.25,269.00,87.20,84.77,3,18.5,0,0.4,B,NT,Medidas ICN-Mahecha,0.206655877,0.523714931,9.458266796,-3.310756848,3.241235473,1.402777287,1.184968384,-1.053776293,-1.804006218,-1.191850976,0.10585621
Sporophila nigricollis,220,,1,,1,10.30,9.65,5.43,51.87,40.00,14.47,14.97,6,4.8,0,0.6,B,LC,MontoyaEtAl2018,0.027310322,0.113780506,-1.490889374,0.021196768,-0.803624859,0.143366293,0.645308147,-0.459988223,-0.115219411,-0.206917725,-0.087044732
Stelgidopteryx ruficollis,221,,1,,1,14.83,10.66,3.93,103.37,48.50,9.55,45.94,5,3.3,0,0.8,B,LC,MontoyaEtAl2018,0.027019956,0.129737049,-1.43285531,-1.428011381,0.116106839,0.062340101,-0.428590848,0.080765241,0.595311704,0.068563775,-0.294321457
Synallaxis brachyura,222,,,1,1,19.90,14.60,3.88,59.70,77.80,22.40,6.45,7,3.8,0,0.6,B,LC,Medidas ICN-Mahecha,0.020089953,0.115942859,-0.919797975,0.537688663,-1.253960549,0.728127069,-0.039268265,-0.033209287,-0.396853745,0.042713597,0.217827551
Thraupis cyanocephala,223,,,1,1,32.74,17.19,6.40,88.35,67.30,22.52,24.77,5,4,0,0.6,B,LC,MontoyaEtAl2018,0.025708708,0.102365934,-0.38637416,-0.043175891,-0.2704367,0.176622296,-0.110259798,0.141749882,0.290026568,-0.196049119,0.062964337
Thraupis palmarum,224,,1,,1,33.60,17.60,6.10,90.60,69.60,20.00,21.48,16,4,0,0.8,B,LC,Medidas ICN-Mahecha,0.071766355,0.167849059,-0.060620745,-1.427411227,-3.971827984,0.972390005,0.258017887,0.341782932,0.20707422,0.114447034,0.250631208
Todirostrum cinereum,225,,1,,1,7.30,12.20,4.88,44.10,34.60,18.50,5.25,12,3.6,0,0.6,B,LC,Medidas ICN-Mahecha,0.04414044,0.162408001,-1.599958969,-0.158869385,-3.060105303,0.630901807,0.694304302,0.148488311,-0.345144317,-0.131820727,-0.209069522
Troglodytes solstitialis,226,,,1,1,11.98,15.40,3.17,48.97,36.01,19.02,9.82,1,3.5,0,0.6,B,LC,MontoyaEtAl2018,0.018017417,0.122282965,-1.841313837,1.119141301,0.750277378,-0.048941804,0.176652883,0.137733128,-0.236069966,0.058737443,-0.065364654
Turdus fuscater,227,,,1,1,126.80,28.40,7.98,148.60,139.90,43.40,25.48,7,9.4,0,0.6,B,LC,Medidas ICN-Mahecha,0.066461567,0.20410246,2.899261714,-0.540132259,-0.323783839,0.835574128,0.728206686,-0.433229047,-0.901564177,-0.177967801,0.573132908
Xiphorhynchus erythropygius,228,,,,1,46.70,32.30,6.38,111.80,96.70,24.50,23.25,4,4.8,0,0.4,B,LC,Medidas ICN-Mahecha,0.028823813,0.121043166,0.585431085,0.168693495,0.069632094,-0.264269145,-0.3776128,0.219327876,-0.207181729,0.317150799,0.215022532
Zenaida auriculata,229,,,1,1,137.40,21.60,4.43,149.80,111.10,25.90,45.68,10,6.8,0,0.8,B,LC,Medidas ICN-Mahecha,0.065300792,0.189931759,1.514906137,-2.079473471,-1.055105653,1.033523421,0.051323214,0.033537949,0.10181492,0.415308419,0.724424945
Anthracothorax nigricollis ,230,,,,1,6.60,27.30,3.15,65.80,37.00,6.00,42.43,5,4.2,0,0.6,B,LC,Medidas ICN-Mahecha,0.020549936,0.142212501,-1.648522548,-1.343541921,-0.070092365,-0.962636307,-0.052840268,0.268256062,-0.332783829,0.389852698,-0.056681079
Amazilia tzacatl,231,,,,1,4.70,23.90,3.10,53.00,31.90,4.50,31.85,8,3.4,0,0.8,B,LC,Medidas ICN-Mahecha,0.039316693,0.156400217,-2.054668823,-1.177407133,-1.3528566,-0.644446101,0.003400412,0.270674062,-0.353747045,0.40282714,-0.17235492
Dryocopus lineatus,232,,,,1,175.20,40.20,11.30,184.00,130.30,26.20,42.25,12,5.8,0,0.4,B,LC,Medidas ICN-Mahecha,0.056518964,0.230543129,2.825918194,-1.770645866,-2.200893684,-0.119133938,-0.501624838,0.295976216,0.526978313,0.343633832,0.236548779
Ramphocelus dimidiatus,233,,,,1,26.00,17.20,7.13,75.70,68.60,21.30,13.95,6,3.7,0,0.8,B,LC,Medidas ICN-Mahecha,0.019839166,0.106073652,-0.543604651,0.415706878,-0.904650287,0.159028392,-0.067441961,-0.006239718,0.186925901,-0.20143665,0.004875236